Record Length,2.500000e+03,,   0.002996000000,  -1.80000,
Sample Interval,4.000000e-07,,   0.002996400000,  -2.20000,
Trigger Point,-7.490000000000e+03,,   0.002996800000,  -1.80000,
,,,   0.002997200000,  -2.00000,
,,,   0.002997600000,  -2.20000,
,,,   0.002998000000,  -1.80000,
Source,CH2,,   0.002998400000,  -2.20000,
Vertical Units,V,,   0.002998800000,  -2.00000,
Vertical Scale,5.000000e+00,,   0.002999200000,  -2.20000,
Vertical Offset,-4.000000e-01,,   0.002999600000,  -2.20000,
Horizontal Units,s,,   0.003000000000,  -2.00000,
Horizontal Scale,1.000000e-04,,   0.003000400000,  -2.00000,
Pt Fmt,Y,,   0.003000800000,  -2.20000,
Yzero,0.000000e+00,,   0.003001200000,  -2.20000,
Probe Atten,1.000000e+00,,   0.003001600000,  -2.20000,
Model Number,TBS1052B-EDU,,   0.003002000000,  -2.20000,
Serial Number,C031240,,   0.003002400000,  -2.20000,
Firmware Version,FV:v4.06,,   0.003002800000,  -2.40000,
,,,0.003003200000,  -2.20000,
,,,0.003003600000,  -2.40000,
,,,0.003004000000,  -2.20000,
,,,0.003004400000,  -2.40000,
,,,0.003004800000,  -2.40000,
,,,0.003005200000,  -2.60000,
,,,0.003005600000,  -2.60000,
,,,0.003006000000,  -2.40000,
,,,0.003006400000,  -2.40000,
,,,0.003006800000,  -2.60000,
,,,0.003007200000,  -2.60000,
,,,0.003007600000,  -2.60000,
,,,0.003008000000,  -2.60000,
,,,0.003008400000,  -2.60000,
,,,0.003008800000,  -2.60000,
,,,0.003009200000,  -2.80000,
,,,0.003009600000,  -2.60000,
,,,0.003010000000,  -2.80000,
,,,0.003010400000,  -2.80000,
,,,0.003010800000,  -2.80000,
,,,0.003011200000,  -2.80000,
,,,0.003011600000,  -2.80000,
,,,0.003012000000,  -2.60000,
,,,0.003012400000,  -2.80000,
,,,0.003012800000,  -2.60000,
,,,0.003013200000,  -2.80000,
,,,0.003013600000,  -2.80000,
,,,0.003014000000,  -3.00000,
,,,0.003014400000,  -2.80000,
,,,0.003014800000,  -2.80000,
,,,0.003015200000,  -3.00000,
,,,0.003015600000,  -3.00000,
,,,0.003016000000,  -3.20000,
,,,0.003016400000,  -3.00000,
,,,0.003016800000,  -3.00000,
,,,0.003017200000,  -3.20000,
,,,0.003017600000,  -3.20000,
,,,0.003018000000,  -3.00000,
,,,0.003018400000,  -3.20000,
,,,0.003018800000,  -3.40000,
,,,0.003019200000,  -3.40000,
,,,0.003019600000,  -3.20000,
,,,0.003020000000,  -3.40000,
,,,0.003020400000,  -3.20000,
,,,0.003020800000,  -3.20000,
,,,0.003021200000,  -3.20000,
,,,0.003021600000,  -3.00000,
,,,0.003022000000,  -3.20000,
,,,0.003022400000,  -3.20000,
,,,0.003022800000,  -3.60000,
,,,0.003023200000,  -3.40000,
,,,0.003023600000,  -3.40000,
,,,0.003024000000,  -3.40000,
,,,0.003024400000,  -3.60000,
,,,0.003024800000,  -3.60000,
,,,0.003025200000,  -3.60000,
,,,0.003025600000,  -3.80000,
,,,0.003026000000,  -3.60000,
,,,0.003026400000,  -3.60000,
,,,0.003026800000,  -3.80000,
,,,0.003027200000,  -3.80000,
,,,0.003027600000,  -3.80000,
,,,0.003028000000,  -4.00000,
,,,0.003028400000,  -3.80000,
,,,0.003028800000,  -3.80000,
,,,0.003029200000,  -3.80000,
,,,0.003029600000,  -3.80000,
,,,0.003030000000,  -4.00000,
,,,0.003030400000,  -3.80000,
,,,0.003030800000,  -4.00000,
,,,0.003031200000,  -4.20000,
,,,0.003031600000,  -4.00000,
,,,0.003032000000,  -4.20000,
,,,0.003032400000,  -4.20000,
,,,0.003032800000,  -4.00000,
,,,0.003033200000,  -4.00000,
,,,0.003033600000,  -4.00000,
,,,0.003034000000,  -4.20000,
,,,0.003034400000,  -4.00000,
,,,0.003034800000,  -4.20000,
,,,0.003035200000,  -4.20000,
,,,0.003035600000,  -4.20000,
,,,0.003036000000,  -4.00000,
,,,0.003036400000,  -4.40000,
,,,0.003036800000,  -4.00000,
,,,0.003037200000,  -4.20000,
,,,0.003037600000,  -4.60000,
,,,0.003038000000,  -4.20000,
,,,0.003038400000,  -4.60000,
,,,0.003038800000,  -4.20000,
,,,0.003039200000,  -4.20000,
,,,0.003039600000,  -4.40000,
,,,0.003040000000,  -4.20000,
,,,0.003040400000,  -4.60000,
,,,0.003040800000,  -4.60000,
,,,0.003041200000,  -4.40000,
,,,0.003041600000,  -4.60000,
,,,0.003042000000,  -4.60000,
,,,0.003042400000,  -4.60000,
,,,0.003042800000,  -4.60000,
,,,0.003043200000,  -4.80000,
,,,0.003043600000,  -4.80000,
,,,0.003044000000,  -4.60000,
,,,0.003044400000,  -4.60000,
,,,0.003044800000,  -4.80000,
,,,0.003045200000,  -4.80000,
,,,0.003045600000,  -5.00000,
,,,0.003046000000,  -4.60000,
,,,0.003046400000,  -5.00000,
,,,0.003046800000,  -4.80000,
,,,0.003047200000,  -4.60000,
,,,0.003047600000,  -5.00000,
,,,0.003048000000,  -4.80000,
,,,0.003048400000,  -5.00000,
,,,0.003048800000,  -5.00000,
,,,0.003049200000,  -5.20000,
,,,0.003049600000,  -5.20000,
,,,0.003050000000,  -4.80000,
,,,0.003050400000,  -5.20000,
,,,0.003050800000,  -5.00000,
,,,0.003051200000,  -5.00000,
,,,0.003051600000,  -5.00000,
,,,0.003052000000,  -5.20000,
,,,0.003052400000,  -5.00000,
,,,0.003052800000,  -5.00000,
,,,0.003053200000,  -5.00000,
,,,0.003053600000,  -5.00000,
,,,0.003054000000,  -5.00000,
,,,0.003054400000,  -5.20000,
,,,0.003054800000,  -5.20000,
,,,0.003055200000,  -5.40000,
,,,0.003055600000,  -5.40000,
,,,0.003056000000,  -5.40000,
,,,0.003056400000,  -5.40000,
,,,0.003056800000,  -5.40000,
,,,0.003057200000,  -5.40000,
,,,0.003057600000,  -5.40000,
,,,0.003058000000,  -5.40000,
,,,0.003058400000,  -5.40000,
,,,0.003058800000,  -5.40000,
,,,0.003059200000,  -5.40000,
,,,0.003059600000,  -5.60000,
,,,0.003060000000,  -5.80000,
,,,0.003060400000,  -5.40000,
,,,0.003060800000,  -5.40000,
,,,0.003061200000,  -5.60000,
,,,0.003061600000,  -5.60000,
,,,0.003062000000,  -5.60000,
,,,0.003062400000,  -5.60000,
,,,0.003062800000,  -5.60000,
,,,0.003063200000,  -5.60000,
,,,0.003063600000,  -6.00000,
,,,0.003064000000,  -5.80000,
,,,0.003064400000,  -5.60000,
,,,0.003064800000,  -5.60000,
,,,0.003065200000,  -5.80000,
,,,0.003065600000,  -5.80000,
,,,0.003066000000,  -6.00000,
,,,0.003066400000,  -5.80000,
,,,0.003066800000,  -5.80000,
,,,0.003067200000,  -6.00000,
,,,0.003067600000,  -5.80000,
,,,0.003068000000,  -5.80000,
,,,0.003068400000,  -6.00000,
,,,0.003068800000,  -6.00000,
,,,0.003069200000,  -6.00000,
,,,0.003069600000,  -6.00000,
,,,0.003070000000,  -6.00000,
,,,0.003070400000,  -6.20000,
,,,0.003070800000,  -6.00000,
,,,0.003071200000,  -6.00000,
,,,0.003071600000,  -6.00000,
,,,0.003072000000,  -6.00000,
,,,0.003072400000,  -6.20000,
,,,0.003072800000,  -6.00000,
,,,0.003073200000,  -6.20000,
,,,0.003073600000,  -6.20000,
,,,0.003074000000,  -6.00000,
,,,0.003074400000,  -6.20000,
,,,0.003074800000,  -6.20000,
,,,0.003075200000,  -6.20000,
,,,0.003075600000,  -6.20000,
,,,0.003076000000,  -6.20000,
,,,0.003076400000,  -6.60000,
,,,0.003076800000,  -6.40000,
,,,0.003077200000,  -6.40000,
,,,0.003077600000,  -6.20000,
,,,0.003078000000,  -6.40000,
,,,0.003078400000,  -6.60000,
,,,0.003078800000,  -6.40000,
,,,0.003079200000,  -6.40000,
,,,0.003079600000,  -6.40000,
,,,0.003080000000,  -6.60000,
,,,0.003080400000,  -6.60000,
,,,0.003080800000,  -6.60000,
,,,0.003081200000,  -6.60000,
,,,0.003081600000,  -6.60000,
,,,0.003082000000,  -6.60000,
,,,0.003082400000,  -6.80000,
,,,0.003082800000,  -6.80000,
,,,0.003083200000,  -6.60000,
,,,0.003083600000,  -6.80000,
,,,0.003084000000,  -6.60000,
,,,0.003084400000,  -6.60000,
,,,0.003084800000,  -6.80000,
,,,0.003085200000,  -6.80000,
,,,0.003085600000,  -6.80000,
,,,0.003086000000,  -6.80000,
,,,0.003086400000,  -6.80000,
,,,0.003086800000,  -7.00000,
,,,0.003087200000,  -7.00000,
,,,0.003087600000,  -6.80000,
,,,0.003088000000,  -6.80000,
,,,0.003088400000,  -6.80000,
,,,0.003088800000,  -7.00000,
,,,0.003089200000,  -7.00000,
,,,0.003089600000,  -7.00000,
,,,0.003090000000,  -7.00000,
,,,0.003090400000,  -7.00000,
,,,0.003090800000,  -7.00000,
,,,0.003091200000,  -7.20000,
,,,0.003091600000,  -7.00000,
,,,0.003092000000,  -7.20000,
,,,0.003092400000,  -7.00000,
,,,0.003092800000,  -7.20000,
,,,0.003093200000,  -7.20000,
,,,0.003093600000,  -7.20000,
,,,0.003094000000,  -7.20000,
,,,0.003094400000,  -7.20000,
,,,0.003094800000,  -7.60000,
,,,0.003095200000,  -7.20000,
,,,0.003095600000,  -7.40000,
,,,0.003096000000,  -7.20000,
,,,0.003096400000,  -7.40000,
,,,0.003096800000,  -7.60000,
,,,0.003097200000,  -7.40000,
,,,0.003097600000,  -7.20000,
,,,0.003098000000,  -7.20000,
,,,0.003098400000,  -7.40000,
,,,0.003098800000,  -7.40000,
,,,0.003099200000,  -7.40000,
,,,0.003099600000,  -7.40000,
,,,0.003100000000,  -7.40000,
,,,0.003100400000,  -7.60000,
,,,0.003100800000,  -7.40000,
,,,0.003101200000,  -7.60000,
,,,0.003101600000,  -7.60000,
,,,0.003102000000,  -7.60000,
,,,0.003102400000,  -7.60000,
,,,0.003102800000,  -7.40000,
,,,0.003103200000,  -7.60000,
,,,0.003103600000,  -7.40000,
,,,0.003104000000,  -7.60000,
,,,0.003104400000,  -7.60000,
,,,0.003104800000,  -7.60000,
,,,0.003105200000,  -7.80000,
,,,0.003105600000,  -7.80000,
,,,0.003106000000,  -7.60000,
,,,0.003106400000,  -7.60000,
,,,0.003106800000,  -8.00000,
,,,0.003107200000,  -7.60000,
,,,0.003107600000,  -7.80000,
,,,0.003108000000,  -7.80000,
,,,0.003108400000,  -7.60000,
,,,0.003108800000,  -7.80000,
,,,0.003109200000,  -7.80000,
,,,0.003109600000,  -7.80000,
,,,0.003110000000,  -7.80000,
,,,0.003110400000,  -8.00000,
,,,0.003110800000,  -8.00000,
,,,0.003111200000,  -8.00000,
,,,0.003111600000,  -8.00000,
,,,0.003112000000,  -8.20000,
,,,0.003112400000,  -7.80000,
,,,0.003112800000,  -7.80000,
,,,0.003113200000,  -8.00000,
,,,0.003113600000,  -8.00000,
,,,0.003114000000,  -8.00000,
,,,0.003114400000,  -8.00000,
,,,0.003114800000,  -8.00000,
,,,0.003115200000,  -8.20000,
,,,0.003115600000,  -8.00000,
,,,0.003116000000,  -8.20000,
,,,0.003116400000,  -8.00000,
,,,0.003116800000,  -8.00000,
,,,0.003117200000,  -8.20000,
,,,0.003117600000,  -8.20000,
,,,0.003118000000,  -8.20000,
,,,0.003118400000,  -8.00000,
,,,0.003118800000,  -8.20000,
,,,0.003119200000,  -8.00000,
,,,0.003119600000,  -8.40000,
,,,0.003120000000,  -8.20000,
,,,0.003120400000,  -8.40000,
,,,0.003120800000,  -8.20000,
,,,0.003121200000,  -8.20000,
,,,0.003121600000,  -8.40000,
,,,0.003122000000,  -8.40000,
,,,0.003122400000,  -8.00000,
,,,0.003122800000,  -8.40000,
,,,0.003123200000,  -8.20000,
,,,0.003123600000,  -8.40000,
,,,0.003124000000,  -8.60000,
,,,0.003124400000,  -8.40000,
,,,0.003124800000,  -8.20000,
,,,0.003125200000,  -8.20000,
,,,0.003125600000,  -8.60000,
,,,0.003126000000,  -8.40000,
,,,0.003126400000,  -8.40000,
,,,0.003126800000,  -8.20000,
,,,0.003127200000,  -8.40000,
,,,0.003127600000,  -8.60000,
,,,0.003128000000,  -8.60000,
,,,0.003128400000,  -8.60000,
,,,0.003128800000,  -8.60000,
,,,0.003129200000,  -8.60000,
,,,0.003129600000,  -8.80000,
,,,0.003130000000,  -8.60000,
,,,0.003130400000,  -8.40000,
,,,0.003130800000,  -8.40000,
,,,0.003131200000,  -8.60000,
,,,0.003131600000,  -8.60000,
,,,0.003132000000,  -9.00000,
,,,0.003132400000,  -8.40000,
,,,0.003132800000,  -8.60000,
,,,0.003133200000,  -8.60000,
,,,0.003133600000,  -8.60000,
,,,0.003134000000,  -8.60000,
,,,0.003134400000,  -8.60000,
,,,0.003134800000,  -8.80000,
,,,0.003135200000,  -9.00000,
,,,0.003135600000,  -8.80000,
,,,0.003136000000,  -8.80000,
,,,0.003136400000,  -8.60000,
,,,0.003136800000,  -8.80000,
,,,0.003137200000,  -8.80000,
,,,0.003137600000,  -8.80000,
,,,0.003138000000,  -8.80000,
,,,0.003138400000,  -9.00000,
,,,0.003138800000,  -8.80000,
,,,0.003139200000,  -8.80000,
,,,0.003139600000,  -9.00000,
,,,0.003140000000,  -8.80000,
,,,0.003140400000,  -8.80000,
,,,0.003140800000,  -8.80000,
,,,0.003141200000,  -9.00000,
,,,0.003141600000,  -9.00000,
,,,0.003142000000,  -8.80000,
,,,0.003142400000,  -9.00000,
,,,0.003142800000,  -9.00000,
,,,0.003143200000,  -8.80000,
,,,0.003143600000,  -9.00000,
,,,0.003144000000,  -9.00000,
,,,0.003144400000,  -9.00000,
,,,0.003144800000,  -9.00000,
,,,0.003145200000,  -9.00000,
,,,0.003145600000,  -9.20000,
,,,0.003146000000,  -9.00000,
,,,0.003146400000,  -8.80000,
,,,0.003146800000,  -9.00000,
,,,0.003147200000,  -9.20000,
,,,0.003147600000,  -9.00000,
,,,0.003148000000,  -9.20000,
,,,0.003148400000,  -9.20000,
,,,0.003148800000,  -9.20000,
,,,0.003149200000,  -9.20000,
,,,0.003149600000,  -9.20000,
,,,0.003150000000,  -9.20000,
,,,0.003150400000,  -9.00000,
,,,0.003150800000,  -9.40000,
,,,0.003151200000,  -9.40000,
,,,0.003151600000,  -9.20000,
,,,0.003152000000,  -9.00000,
,,,0.003152400000,  -9.20000,
,,,0.003152800000,  -9.40000,
,,,0.003153200000,  -9.20000,
,,,0.003153600000,  -9.40000,
,,,0.003154000000,  -9.20000,
,,,0.003154400000,  -9.40000,
,,,0.003154800000,  -9.40000,
,,,0.003155200000,  -9.40000,
,,,0.003155600000,  -9.40000,
,,,0.003156000000,  -9.60000,
,,,0.003156400000,  -9.20000,
,,,0.003156800000,  -9.40000,
,,,0.003157200000,  -9.20000,
,,,0.003157600000,  -9.40000,
,,,0.003158000000,  -9.40000,
,,,0.003158400000,  -9.40000,
,,,0.003158800000,  -9.20000,
,,,0.003159200000,  -9.40000,
,,,0.003159600000,  -9.40000,
,,,0.003160000000,  -9.60000,
,,,0.003160400000,  -9.40000,
,,,0.003160800000,  -9.60000,
,,,0.003161200000,  -9.40000,
,,,0.003161600000,  -9.40000,
,,,0.003162000000,  -9.40000,
,,,0.003162400000,  -9.20000,
,,,0.003162800000,  -9.40000,
,,,0.003163200000,  -9.60000,
,,,0.003163600000,  -9.40000,
,,,0.003164000000,  -9.40000,
,,,0.003164400000,  -9.20000,
,,,0.003164800000,  -9.60000,
,,,0.003165200000,  -9.60000,
,,,0.003165600000,  -9.40000,
,,,0.003166000000,  -9.40000,
,,,0.003166400000,  -9.40000,
,,,0.003166800000,  -9.60000,
,,,0.003167200000,  -9.60000,
,,,0.003167600000,  -9.40000,
,,,0.003168000000,  -9.60000,
,,,0.003168400000,  -9.60000,
,,,0.003168800000,  -9.60000,
,,,0.003169200000,  -9.60000,
,,,0.003169600000,  -9.60000,
,,,0.003170000000,  -9.60000,
,,,0.003170400000,  -9.80000,
,,,0.003170800000,  -9.80000,
,,,0.003171200000,  -9.60000,
,,,0.003171600000,  -9.80000,
,,,0.003172000000,  -9.60000,
,,,0.003172400000,  -9.60000,
,,,0.003172800000,  -9.60000,
,,,0.003173200000,  -9.80000,
,,,0.003173600000,  -9.80000,
,,,0.003174000000,  -9.80000,
,,,0.003174400000,  -9.60000,
,,,0.003174800000,  -9.60000,
,,,0.003175200000,  -9.80000,
,,,0.003175600000,  -9.80000,
,,,0.003176000000,  -9.60000,
,,,0.003176400000,  -9.60000,
,,,0.003176800000,  -9.80000,
,,,0.003177200000,  -9.80000,
,,,0.003177600000,  -9.60000,
,,,0.003178000000, -10.00000,
,,,0.003178400000,  -9.60000,
,,,0.003178800000,  -9.60000,
,,,0.003179200000,  -9.60000,
,,,0.003179600000,  -9.60000,
,,,0.003180000000,  -9.60000,
,,,0.003180400000, -10.00000,
,,,0.003180800000,  -9.60000,
,,,0.003181200000,  -9.80000,
,,,0.003181600000,  -9.80000,
,,,0.003182000000,  -9.80000,
,,,0.003182400000, -10.00000,
,,,0.003182800000,  -9.80000,
,,,0.003183200000, -10.00000,
,,,0.003183600000,  -9.80000,
,,,0.003184000000, -10.00000,
,,,0.003184400000,  -9.80000,
,,,0.003184800000,  -9.80000,
,,,0.003185200000,  -9.80000,
,,,0.003185600000,  -9.80000,
,,,0.003186000000,  -9.80000,
,,,0.003186400000,  -9.80000,
,,,0.003186800000, -10.20000,
,,,0.003187200000, -10.00000,
,,,0.003187600000, -10.20000,
,,,0.003188000000,  -9.80000,
,,,0.003188400000, -10.00000,
,,,0.003188800000,  -9.80000,
,,,0.003189200000,  -9.80000,
,,,0.003189600000, -10.00000,
,,,0.003190000000,  -9.80000,
,,,0.003190400000, -10.00000,
,,,0.003190800000,  -9.80000,
,,,0.003191200000, -10.00000,
,,,0.003191600000,  -9.80000,
,,,0.003192000000, -10.00000,
,,,0.003192400000, -10.00000,
,,,0.003192800000,  -9.80000,
,,,0.003193200000,  -9.80000,
,,,0.003193600000, -10.00000,
,,,0.003194000000, -10.20000,
,,,0.003194400000, -10.00000,
,,,0.003194800000, -10.00000,
,,,0.003195200000, -10.00000,
,,,0.003195600000, -10.00000,
,,,0.003196000000,  -9.80000,
,,,0.003196400000,  -9.80000,
,,,0.003196800000, -10.00000,
,,,0.003197200000, -10.20000,
,,,0.003197600000,  -9.80000,
,,,0.003198000000, -10.00000,
,,,0.003198400000,  -9.80000,
,,,0.003198800000, -10.20000,
,,,0.003199200000, -10.20000,
,,,0.003199600000, -10.20000,
,,,0.003200000000, -10.00000,
,,,0.003200400000, -10.00000,
,,,0.003200800000, -10.00000,
,,,0.003201200000, -10.00000,
,,,0.003201600000, -10.00000,
,,,0.003202000000, -10.20000,
,,,0.003202400000, -10.00000,
,,,0.003202800000,  -9.80000,
,,,0.003203200000, -10.00000,
,,,0.003203600000, -10.20000,
,,,0.003204000000, -10.00000,
,,,0.003204400000, -10.00000,
,,,0.003204800000, -10.20000,
,,,0.003205200000, -10.40000,
,,,0.003205600000, -10.20000,
,,,0.003206000000, -10.00000,
,,,0.003206400000, -10.00000,
,,,0.003206800000, -10.00000,
,,,0.003207200000, -10.00000,
,,,0.003207600000, -10.00000,
,,,0.003208000000, -10.20000,
,,,0.003208400000, -10.20000,
,,,0.003208800000, -10.00000,
,,,0.003209200000, -10.00000,
,,,0.003209600000, -10.20000,
,,,0.003210000000, -10.20000,
,,,0.003210400000,  -9.80000,
,,,0.003210800000,  -9.80000,
,,,0.003211200000, -10.20000,
,,,0.003211600000, -10.20000,
,,,0.003212000000, -10.00000,
,,,0.003212400000, -10.20000,
,,,0.003212800000, -10.00000,
,,,0.003213200000, -10.20000,
,,,0.003213600000, -10.20000,
,,,0.003214000000, -10.20000,
,,,0.003214400000, -10.00000,
,,,0.003214800000, -10.00000,
,,,0.003215200000, -10.20000,
,,,0.003215600000, -10.00000,
,,,0.003216000000, -10.00000,
,,,0.003216400000, -10.00000,
,,,0.003216800000, -10.20000,
,,,0.003217200000, -10.20000,
,,,0.003217600000, -10.00000,
,,,0.003218000000, -10.00000,
,,,0.003218400000, -10.00000,
,,,0.003218800000, -10.00000,
,,,0.003219200000, -10.20000,
,,,0.003219600000, -10.00000,
,,,0.003220000000, -10.00000,
,,,0.003220400000, -10.00000,
,,,0.003220800000, -10.40000,
,,,0.003221200000, -10.20000,
,,,0.003221600000, -10.20000,
,,,0.003222000000, -10.00000,
,,,0.003222400000, -10.00000,
,,,0.003222800000, -10.20000,
,,,0.003223200000, -10.00000,
,,,0.003223600000, -10.20000,
,,,0.003224000000, -10.00000,
,,,0.003224400000, -10.00000,
,,,0.003224800000, -10.20000,
,,,0.003225200000, -10.00000,
,,,0.003225600000, -10.00000,
,,,0.003226000000, -10.20000,
,,,0.003226400000, -10.00000,
,,,0.003226800000, -10.00000,
,,,0.003227200000, -10.20000,
,,,0.003227600000, -10.00000,
,,,0.003228000000, -10.20000,
,,,0.003228400000, -10.20000,
,,,0.003228800000, -10.00000,
,,,0.003229200000, -10.20000,
,,,0.003229600000, -10.00000,
,,,0.003230000000, -10.20000,
,,,0.003230400000, -10.20000,
,,,0.003230800000, -10.20000,
,,,0.003231200000,  -9.80000,
,,,0.003231600000, -10.00000,
,,,0.003232000000, -10.20000,
,,,0.003232400000,  -9.80000,
,,,0.003232800000, -10.00000,
,,,0.003233200000, -10.00000,
,,,0.003233600000, -10.00000,
,,,0.003234000000, -10.00000,
,,,0.003234400000, -10.00000,
,,,0.003234800000, -10.20000,
,,,0.003235200000, -10.00000,
,,,0.003235600000, -10.00000,
,,,0.003236000000, -10.00000,
,,,0.003236400000,  -9.80000,
,,,0.003236800000, -10.00000,
,,,0.003237200000,  -9.80000,
,,,0.003237600000,  -9.80000,
,,,0.003238000000, -10.00000,
,,,0.003238400000, -10.20000,
,,,0.003238800000, -10.00000,
,,,0.003239200000,  -9.80000,
,,,0.003239600000,  -9.80000,
,,,0.003240000000, -10.00000,
,,,0.003240400000, -10.00000,
,,,0.003240800000,  -9.60000,
,,,0.003241200000,  -9.80000,
,,,0.003241600000, -10.00000,
,,,0.003242000000,  -9.80000,
,,,0.003242400000, -10.00000,
,,,0.003242800000, -10.00000,
,,,0.003243200000,  -9.80000,
,,,0.003243600000,  -9.80000,
,,,0.003244000000,  -9.80000,
,,,0.003244400000,  -9.80000,
,,,0.003244800000, -10.00000,
,,,0.003245200000,  -9.80000,
,,,0.003245600000,  -9.80000,
,,,0.003246000000,  -9.80000,
,,,0.003246400000,  -9.80000,
,,,0.003246800000,  -9.80000,
,,,0.003247200000,  -9.80000,
,,,0.003247600000,  -9.80000,
,,,0.003248000000, -10.00000,
,,,0.003248400000,  -9.80000,
,,,0.003248800000,  -9.80000,
,,,0.003249200000,  -9.80000,
,,,0.003249600000,  -9.80000,
,,,0.003250000000, -10.00000,
,,,0.003250400000,  -9.60000,
,,,0.003250800000,  -9.80000,
,,,0.003251200000,  -9.40000,
,,,0.003251600000,  -9.60000,
,,,0.003252000000,  -9.80000,
,,,0.003252400000,  -9.80000,
,,,0.003252800000,  -9.60000,
,,,0.003253200000,  -9.80000,
,,,0.003253600000, -10.00000,
,,,0.003254000000,  -9.60000,
,,,0.003254400000,  -9.60000,
,,,0.003254800000,  -9.60000,
,,,0.003255200000,  -9.80000,
,,,0.003255600000,  -9.60000,
,,,0.003256000000,  -9.60000,
,,,0.003256400000,  -9.80000,
,,,0.003256800000,  -9.80000,
,,,0.003257200000,  -9.60000,
,,,0.003257600000,  -9.80000,
,,,0.003258000000,  -9.80000,
,,,0.003258400000,  -9.80000,
,,,0.003258800000,  -9.60000,
,,,0.003259200000,  -9.60000,
,,,0.003259600000,  -9.60000,
,,,0.003260000000,  -9.60000,
,,,0.003260400000,  -9.80000,
,,,0.003260800000,  -9.40000,
,,,0.003261200000,  -9.60000,
,,,0.003261600000,  -9.60000,
,,,0.003262000000,  -9.60000,
,,,0.003262400000,  -9.60000,
,,,0.003262800000,  -9.60000,
,,,0.003263200000,  -9.40000,
,,,0.003263600000,  -9.40000,
,,,0.003264000000,  -9.60000,
,,,0.003264400000,  -9.60000,
,,,0.003264800000,  -9.40000,
,,,0.003265200000,  -9.60000,
,,,0.003265600000,  -9.60000,
,,,0.003266000000,  -9.40000,
,,,0.003266400000,  -9.60000,
,,,0.003266800000,  -9.40000,
,,,0.003267200000,  -9.40000,
,,,0.003267600000,  -9.40000,
,,,0.003268000000,  -9.60000,
,,,0.003268400000,  -9.40000,
,,,0.003268800000,  -9.40000,
,,,0.003269200000,  -9.40000,
,,,0.003269600000,  -9.60000,
,,,0.003270000000,  -9.40000,
,,,0.003270400000,  -9.40000,
,,,0.003270800000,  -9.20000,
,,,0.003271200000,  -9.40000,
,,,0.003271600000,  -9.60000,
,,,0.003272000000,  -9.20000,
,,,0.003272400000,  -9.40000,
,,,0.003272800000,  -9.40000,
,,,0.003273200000,  -9.60000,
,,,0.003273600000,  -9.60000,
,,,0.003274000000,  -9.40000,
,,,0.003274400000,  -9.60000,
,,,0.003274800000,  -9.40000,
,,,0.003275200000,  -9.20000,
,,,0.003275600000,  -9.40000,
,,,0.003276000000,  -9.20000,
,,,0.003276400000,  -9.40000,
,,,0.003276800000,  -9.40000,
,,,0.003277200000,  -9.40000,
,,,0.003277600000,  -9.20000,
,,,0.003278000000,  -9.40000,
,,,0.003278400000,  -9.20000,
,,,0.003278800000,  -9.40000,
,,,0.003279200000,  -9.20000,
,,,0.003279600000,  -9.20000,
,,,0.003280000000,  -9.40000,
,,,0.003280400000,  -9.20000,
,,,0.003280800000,  -9.00000,
,,,0.003281200000,  -9.20000,
,,,0.003281600000,  -9.20000,
,,,0.003282000000,  -9.00000,
,,,0.003282400000,  -9.00000,
,,,0.003282800000,  -9.00000,
,,,0.003283200000,  -9.20000,
,,,0.003283600000,  -8.80000,
,,,0.003284000000,  -9.00000,
,,,0.003284400000,  -9.00000,
,,,0.003284800000,  -9.00000,
,,,0.003285200000,  -9.00000,
,,,0.003285600000,  -9.00000,
,,,0.003286000000,  -9.20000,
,,,0.003286400000,  -9.00000,
,,,0.003286800000,  -9.00000,
,,,0.003287200000,  -9.00000,
,,,0.003287600000,  -9.00000,
,,,0.003288000000,  -9.20000,
,,,0.003288400000,  -9.00000,
,,,0.003288800000,  -9.00000,
,,,0.003289200000,  -8.80000,
,,,0.003289600000,  -9.00000,
,,,0.003290000000,  -9.00000,
,,,0.003290400000,  -9.00000,
,,,0.003290800000,  -8.80000,
,,,0.003291200000,  -8.80000,
,,,0.003291600000,  -8.60000,
,,,0.003292000000,  -9.00000,
,,,0.003292400000,  -9.00000,
,,,0.003292800000,  -8.80000,
,,,0.003293200000,  -8.80000,
,,,0.003293600000,  -8.80000,
,,,0.003294000000,  -8.80000,
,,,0.003294400000,  -8.60000,
,,,0.003294800000,  -8.80000,
,,,0.003295200000,  -8.60000,
,,,0.003295600000,  -8.60000,
,,,0.003296000000,  -8.80000,
,,,0.003296400000,  -8.80000,
,,,0.003296800000,  -8.80000,
,,,0.003297200000,  -8.40000,
,,,0.003297600000,  -8.60000,
,,,0.003298000000,  -8.80000,
,,,0.003298400000,  -8.40000,
,,,0.003298800000,  -8.40000,
,,,0.003299200000,  -8.80000,
,,,0.003299600000,  -8.60000,
,,,0.003300000000,  -8.60000,
,,,0.003300400000,  -8.60000,
,,,0.003300800000,  -8.60000,
,,,0.003301200000,  -8.40000,
,,,0.003301600000,  -8.40000,
,,,0.003302000000,  -8.60000,
,,,0.003302400000,  -8.60000,
,,,0.003302800000,  -8.60000,
,,,0.003303200000,  -8.40000,
,,,0.003303600000,  -8.40000,
,,,0.003304000000,  -8.60000,
,,,0.003304400000,  -8.20000,
,,,0.003304800000,  -8.40000,
,,,0.003305200000,  -8.40000,
,,,0.003305600000,  -8.40000,
,,,0.003306000000,  -8.60000,
,,,0.003306400000,  -8.40000,
,,,0.003306800000,  -8.20000,
,,,0.003307200000,  -8.40000,
,,,0.003307600000,  -8.20000,
,,,0.003308000000,  -8.20000,
,,,0.003308400000,  -8.20000,
,,,0.003308800000,  -8.40000,
,,,0.003309200000,  -8.20000,
,,,0.003309600000,  -8.40000,
,,,0.003310000000,  -8.20000,
,,,0.003310400000,  -8.20000,
,,,0.003310800000,  -8.20000,
,,,0.003311200000,  -8.20000,
,,,0.003311600000,  -8.20000,
,,,0.003312000000,  -8.40000,
,,,0.003312400000,  -8.20000,
,,,0.003312800000,  -8.20000,
,,,0.003313200000,  -8.20000,
,,,0.003313600000,  -8.00000,
,,,0.003314000000,  -8.20000,
,,,0.003314400000,  -8.20000,
,,,0.003314800000,  -8.20000,
,,,0.003315200000,  -8.20000,
,,,0.003315600000,  -8.00000,
,,,0.003316000000,  -8.00000,
,,,0.003316400000,  -7.80000,
,,,0.003316800000,  -8.00000,
,,,0.003317200000,  -8.00000,
,,,0.003317600000,  -8.00000,
,,,0.003318000000,  -7.80000,
,,,0.003318400000,  -8.00000,
,,,0.003318800000,  -8.00000,
,,,0.003319200000,  -8.00000,
,,,0.003319600000,  -8.00000,
,,,0.003320000000,  -7.80000,
,,,0.003320400000,  -7.80000,
,,,0.003320800000,  -7.80000,
,,,0.003321200000,  -7.80000,
,,,0.003321600000,  -7.80000,
,,,0.003322000000,  -7.80000,
,,,0.003322400000,  -7.80000,
,,,0.003322800000,  -7.80000,
,,,0.003323200000,  -7.80000,
,,,0.003323600000,  -7.60000,
,,,0.003324000000,  -7.80000,
,,,0.003324400000,  -7.60000,
,,,0.003324800000,  -7.80000,
,,,0.003325200000,  -7.80000,
,,,0.003325600000,  -7.80000,
,,,0.003326000000,  -7.80000,
,,,0.003326400000,  -7.80000,
,,,0.003326800000,  -7.60000,
,,,0.003327200000,  -7.40000,
,,,0.003327600000,  -7.80000,
,,,0.003328000000,  -7.60000,
,,,0.003328400000,  -7.60000,
,,,0.003328800000,  -7.40000,
,,,0.003329200000,  -7.60000,
,,,0.003329600000,  -7.60000,
,,,0.003330000000,  -7.60000,
,,,0.003330400000,  -7.60000,
,,,0.003330800000,  -7.60000,
,,,0.003331200000,  -7.40000,
,,,0.003331600000,  -7.40000,
,,,0.003332000000,  -7.40000,
,,,0.003332400000,  -7.60000,
,,,0.003332800000,  -7.60000,
,,,0.003333200000,  -7.40000,
,,,0.003333600000,  -7.40000,
,,,0.003334000000,  -7.20000,
,,,0.003334400000,  -7.40000,
,,,0.003334800000,  -7.40000,
,,,0.003335200000,  -7.20000,
,,,0.003335600000,  -7.40000,
,,,0.003336000000,  -7.00000,
,,,0.003336400000,  -7.40000,
,,,0.003336800000,  -7.20000,
,,,0.003337200000,  -7.20000,
,,,0.003337600000,  -7.20000,
,,,0.003338000000,  -7.20000,
,,,0.003338400000,  -7.20000,
,,,0.003338800000,  -7.20000,
,,,0.003339200000,  -7.00000,
,,,0.003339600000,  -7.00000,
,,,0.003340000000,  -7.00000,
,,,0.003340400000,  -7.20000,
,,,0.003340800000,  -7.00000,
,,,0.003341200000,  -7.00000,
,,,0.003341600000,  -7.00000,
,,,0.003342000000,  -7.00000,
,,,0.003342400000,  -7.00000,
,,,0.003342800000,  -6.80000,
,,,0.003343200000,  -6.80000,
,,,0.003343600000,  -7.00000,
,,,0.003344000000,  -7.00000,
,,,0.003344400000,  -7.00000,
,,,0.003344800000,  -6.80000,
,,,0.003345200000,  -6.80000,
,,,0.003345600000,  -6.80000,
,,,0.003346000000,  -6.80000,
,,,0.003346400000,  -6.80000,
,,,0.003346800000,  -6.80000,
,,,0.003347200000,  -6.80000,
,,,0.003347600000,  -7.00000,
,,,0.003348000000,  -6.80000,
,,,0.003348400000,  -6.80000,
,,,0.003348800000,  -6.60000,
,,,0.003349200000,  -6.80000,
,,,0.003349600000,  -6.60000,
,,,0.003350000000,  -6.60000,
,,,0.003350400000,  -6.60000,
,,,0.003350800000,  -6.60000,
,,,0.003351200000,  -6.40000,
,,,0.003351600000,  -6.40000,
,,,0.003352000000,  -6.60000,
,,,0.003352400000,  -6.40000,
,,,0.003352800000,  -6.40000,
,,,0.003353200000,  -6.60000,
,,,0.003353600000,  -6.40000,
,,,0.003354000000,  -6.60000,
,,,0.003354400000,  -6.40000,
,,,0.003354800000,  -6.40000,
,,,0.003355200000,  -6.40000,
,,,0.003355600000,  -6.20000,
,,,0.003356000000,  -6.40000,
,,,0.003356400000,  -6.40000,
,,,0.003356800000,  -6.40000,
,,,0.003357200000,  -6.20000,
,,,0.003357600000,  -6.40000,
,,,0.003358000000,  -6.40000,
,,,0.003358400000,  -6.00000,
,,,0.003358800000,  -6.20000,
,,,0.003359200000,  -6.20000,
,,,0.003359600000,  -6.20000,
,,,0.003360000000,  -6.20000,
,,,0.003360400000,  -6.00000,
,,,0.003360800000,  -6.00000,
,,,0.003361200000,  -6.20000,
,,,0.003361600000,  -6.00000,
,,,0.003362000000,  -5.80000,
,,,0.003362400000,  -5.80000,
,,,0.003362800000,  -6.00000,
,,,0.003363200000,  -6.00000,
,,,0.003363600000,  -6.00000,
,,,0.003364000000,  -6.00000,
,,,0.003364400000,  -6.00000,
,,,0.003364800000,  -5.80000,
,,,0.003365200000,  -5.80000,
,,,0.003365600000,  -6.00000,
,,,0.003366000000,  -5.80000,
,,,0.003366400000,  -5.60000,
,,,0.003366800000,  -5.80000,
,,,0.003367200000,  -5.80000,
,,,0.003367600000,  -5.80000,
,,,0.003368000000,  -5.80000,
,,,0.003368400000,  -5.80000,
,,,0.003368800000,  -5.60000,
,,,0.003369200000,  -5.80000,
,,,0.003369600000,  -5.80000,
,,,0.003370000000,  -5.60000,
,,,0.003370400000,  -5.60000,
,,,0.003370800000,  -5.60000,
,,,0.003371200000,  -5.40000,
,,,0.003371600000,  -5.60000,
,,,0.003372000000,  -5.60000,
,,,0.003372400000,  -5.60000,
,,,0.003372800000,  -5.40000,
,,,0.003373200000,  -5.60000,
,,,0.003373600000,  -5.80000,
,,,0.003374000000,  -5.40000,
,,,0.003374400000,  -5.40000,
,,,0.003374800000,  -5.20000,
,,,0.003375200000,  -5.40000,
,,,0.003375600000,  -5.40000,
,,,0.003376000000,  -5.20000,
,,,0.003376400000,  -5.20000,
,,,0.003376800000,  -5.40000,
,,,0.003377200000,  -5.40000,
,,,0.003377600000,  -5.20000,
,,,0.003378000000,  -5.20000,
,,,0.003378400000,  -5.00000,
,,,0.003378800000,  -5.20000,
,,,0.003379200000,  -5.20000,
,,,0.003379600000,  -5.00000,
,,,0.003380000000,  -5.00000,
,,,0.003380400000,  -5.00000,
,,,0.003380800000,  -5.00000,
,,,0.003381200000,  -5.00000,
,,,0.003381600000,  -5.20000,
,,,0.003382000000,  -5.00000,
,,,0.003382400000,  -5.00000,
,,,0.003382800000,  -4.80000,
,,,0.003383200000,  -5.20000,
,,,0.003383600000,  -4.80000,
,,,0.003384000000,  -5.00000,
,,,0.003384400000,  -4.80000,
,,,0.003384800000,  -4.80000,
,,,0.003385200000,  -4.80000,
,,,0.003385600000,  -5.00000,
,,,0.003386000000,  -4.80000,
,,,0.003386400000,  -5.00000,
,,,0.003386800000,  -4.60000,
,,,0.003387200000,  -4.60000,
,,,0.003387600000,  -4.60000,
,,,0.003388000000,  -4.80000,
,,,0.003388400000,  -4.80000,
,,,0.003388800000,  -4.60000,
,,,0.003389200000,  -4.60000,
,,,0.003389600000,  -4.60000,
,,,0.003390000000,  -4.60000,
,,,0.003390400000,  -4.40000,
,,,0.003390800000,  -4.40000,
,,,0.003391200000,  -4.40000,
,,,0.003391600000,  -4.60000,
,,,0.003392000000,  -4.40000,
,,,0.003392400000,  -4.40000,
,,,0.003392800000,  -4.40000,
,,,0.003393200000,  -4.20000,
,,,0.003393600000,  -4.40000,
,,,0.003394000000,  -4.20000,
,,,0.003394400000,  -4.40000,
,,,0.003394800000,  -4.60000,
,,,0.003395200000,  -4.40000,
,,,0.003395600000,  -4.40000,
,,,0.003396000000,  -4.20000,
,,,0.003396400000,  -4.20000,
,,,0.003396800000,  -4.40000,
,,,0.003397200000,  -4.00000,
,,,0.003397600000,  -4.00000,
,,,0.003398000000,  -4.20000,
,,,0.003398400000,  -4.00000,
,,,0.003398800000,  -4.00000,
,,,0.003399200000,  -4.00000,
,,,0.003399600000,  -4.00000,
,,,0.003400000000,  -4.00000,
,,,0.003400400000,  -4.00000,
,,,0.003400800000,  -4.00000,
,,,0.003401200000,  -3.80000,
,,,0.003401600000,  -3.80000,
,,,0.003402000000,  -3.80000,
,,,0.003402400000,  -4.00000,
,,,0.003402800000,  -3.80000,
,,,0.003403200000,  -3.80000,
,,,0.003403600000,  -3.80000,
,,,0.003404000000,  -4.00000,
,,,0.003404400000,  -3.80000,
,,,0.003404800000,  -3.80000,
,,,0.003405200000,  -3.80000,
,,,0.003405600000,  -3.60000,
,,,0.003406000000,  -3.80000,
,,,0.003406400000,  -3.80000,
,,,0.003406800000,  -3.60000,
,,,0.003407200000,  -3.60000,
,,,0.003407600000,  -3.60000,
,,,0.003408000000,  -3.60000,
,,,0.003408400000,  -3.40000,
,,,0.003408800000,  -3.60000,
,,,0.003409200000,  -3.40000,
,,,0.003409600000,  -3.20000,
,,,0.003410000000,  -3.60000,
,,,0.003410400000,  -3.40000,
,,,0.003410800000,  -3.40000,
,,,0.003411200000,  -3.20000,
,,,0.003411600000,  -3.20000,
,,,0.003412000000,  -3.20000,
,,,0.003412400000,  -3.20000,
,,,0.003412800000,  -3.40000,
,,,0.003413200000,  -3.40000,
,,,0.003413600000,  -3.20000,
,,,0.003414000000,  -3.20000,
,,,0.003414400000,  -3.00000,
,,,0.003414800000,  -3.20000,
,,,0.003415200000,  -3.00000,
,,,0.003415600000,  -3.20000,
,,,0.003416000000,  -3.20000,
,,,0.003416400000,  -3.00000,
,,,0.003416800000,  -3.00000,
,,,0.003417200000,  -3.20000,
,,,0.003417600000,  -3.00000,
,,,0.003418000000,  -3.00000,
,,,0.003418400000,  -3.00000,
,,,0.003418800000,  -2.80000,
,,,0.003419200000,  -3.00000,
,,,0.003419600000,  -2.80000,
,,,0.003420000000,  -2.60000,
,,,0.003420400000,  -2.60000,
,,,0.003420800000,  -2.80000,
,,,0.003421200000,  -2.80000,
,,,0.003421600000,  -2.80000,
,,,0.003422000000,  -2.60000,
,,,0.003422400000,  -2.60000,
,,,0.003422800000,  -2.60000,
,,,0.003423200000,  -2.60000,
,,,0.003423600000,  -2.80000,
,,,0.003424000000,  -2.60000,
,,,0.003424400000,  -2.60000,
,,,0.003424800000,  -2.60000,
,,,0.003425200000,  -2.80000,
,,,0.003425600000,  -2.60000,
,,,0.003426000000,  -2.40000,
,,,0.003426400000,  -2.40000,
,,,0.003426800000,  -2.60000,
,,,0.003427200000,  -2.40000,
,,,0.003427600000,  -2.40000,
,,,0.003428000000,  -2.20000,
,,,0.003428400000,  -2.20000,
,,,0.003428800000,  -2.40000,
,,,0.003429200000,  -2.40000,
,,,0.003429600000,  -2.20000,
,,,0.003430000000,  -2.20000,
,,,0.003430400000,  -2.20000,
,,,0.003430800000,  -2.00000,
,,,0.003431200000,  -2.20000,
,,,0.003431600000,  -2.20000,
,,,0.003432000000,  -2.00000,
,,,0.003432400000,  -2.20000,
,,,0.003432800000,  -1.80000,
,,,0.003433200000,  -2.20000,
,,,0.003433600000,  -1.80000,
,,,0.003434000000,  -2.20000,
,,,0.003434400000,  -1.80000,
,,,0.003434800000,  -2.00000,
,,,0.003435200000,  -1.80000,
,,,0.003435600000,  -1.80000,
,,,0.003436000000,  -1.80000,
,,,0.003436400000,  -1.80000,
,,,0.003436800000,  -1.80000,
,,,0.003437200000,  -2.00000,
,,,0.003437600000,  -1.60000,
,,,0.003438000000,  -1.80000,
,,,0.003438400000,  -1.80000,
,,,0.003438800000,  -1.60000,
,,,0.003439200000,  -1.40000,
,,,0.003439600000,  -1.60000,
,,,0.003440000000,  -1.60000,
,,,0.003440400000,  -1.60000,
,,,0.003440800000,  -1.40000,
,,,0.003441200000,  -1.40000,
,,,0.003441600000,  -1.60000,
,,,0.003442000000,  -1.40000,
,,,0.003442400000,  -1.40000,
,,,0.003442800000,  -1.60000,
,,,0.003443200000,  -1.60000,
,,,0.003443600000,  -1.20000,
,,,0.003444000000,  -1.40000,
,,,0.003444400000,  -1.40000,
,,,0.003444800000,  -1.40000,
,,,0.003445200000,  -1.40000,
,,,0.003445600000,  -1.20000,
,,,0.003446000000,  -1.40000,
,,,0.003446400000,  -1.20000,
,,,0.003446800000,  -1.20000,
,,,0.003447200000,  -1.20000,
,,,0.003447600000,  -1.20000,
,,,0.003448000000,  -1.20000,
,,,0.003448400000,  -1.40000,
,,,0.003448800000,  -1.20000,
,,,0.003449200000,  -1.00000,
,,,0.003449600000,  -1.20000,
,,,0.003450000000,  -1.20000,
,,,0.003450400000,  -1.20000,
,,,0.003450800000,  -1.00000,
,,,0.003451200000,  -1.00000,
,,,0.003451600000,  -1.00000,
,,,0.003452000000,  -1.00000,
,,,0.003452400000,  -1.00000,
,,,0.003452800000,  -0.80000,
,,,0.003453200000,  -0.80000,
,,,0.003453600000,  -1.00000,
,,,0.003454000000,  -0.80000,
,,,0.003454400000,  -0.80000,
,,,0.003454800000,  -0.60000,
,,,0.003455200000,  -0.80000,
,,,0.003455600000,  -0.80000,
,,,0.003456000000,  -0.40000,
,,,0.003456400000,  -0.60000,
,,,0.003456800000,  -0.80000,
,,,0.003457200000,  -0.40000,
,,,0.003457600000,  -0.60000,
,,,0.003458000000,  -0.80000,
,,,0.003458400000,  -0.60000,
,,,0.003458800000,  -0.60000,
,,,0.003459200000,  -0.60000,
,,,0.003459600000,  -0.40000,
,,,0.003460000000,  -0.20000,
,,,0.003460400000,  -0.40000,
,,,0.003460800000,  -0.40000,
,,,0.003461200000,  -0.20000,
,,,0.003461600000,  -0.20000,
,,,0.003462000000,  -0.20000,
,,,0.003462400000,  -0.20000,
,,,0.003462800000,   0.00000,
,,,0.003463200000,   0.00000,
,,,0.003463600000,  -0.20000,
,,,0.003464000000,   0.00000,
,,,0.003464400000,  -0.20000,
,,,0.003464800000,  -0.20000,
,,,0.003465200000,   0.00000,
,,,0.003465600000,   0.00000,
,,,0.003466000000,   0.00000,
,,,0.003466400000,   0.00000,
,,,0.003466800000,   0.20000,
,,,0.003467200000,   0.20000,
,,,0.003467600000,   0.00000,
,,,0.003468000000,   0.00000,
,,,0.003468400000,   0.00000,
,,,0.003468800000,   0.20000,
,,,0.003469200000,   0.20000,
,,,0.003469600000,   0.20000,
,,,0.003470000000,   0.40000,
,,,0.003470400000,   0.40000,
,,,0.003470800000,   0.40000,
,,,0.003471200000,   0.40000,
,,,0.003471600000,   0.40000,
,,,0.003472000000,   0.40000,
,,,0.003472400000,   0.60000,
,,,0.003472800000,   0.40000,
,,,0.003473200000,   0.60000,
,,,0.003473600000,   0.40000,
,,,0.003474000000,   0.40000,
,,,0.003474400000,   0.40000,
,,,0.003474800000,   0.80000,
,,,0.003475200000,   0.60000,
,,,0.003475600000,   0.60000,
,,,0.003476000000,   0.60000,
,,,0.003476400000,   0.80000,
,,,0.003476800000,   0.60000,
,,,0.003477200000,   0.60000,
,,,0.003477600000,   0.60000,
,,,0.003478000000,   0.60000,
,,,0.003478400000,   0.60000,
,,,0.003478800000,   1.00000,
,,,0.003479200000,   0.80000,
,,,0.003479600000,   0.80000,
,,,0.003480000000,   0.80000,
,,,0.003480400000,   1.00000,
,,,0.003480800000,   1.00000,
,,,0.003481200000,   1.00000,
,,,0.003481600000,   1.00000,
,,,0.003482000000,   1.00000,
,,,0.003482400000,   1.00000,
,,,0.003482800000,   1.20000,
,,,0.003483200000,   1.20000,
,,,0.003483600000,   1.00000,
,,,0.003484000000,   1.20000,
,,,0.003484400000,   1.00000,
,,,0.003484800000,   1.20000,
,,,0.003485200000,   1.20000,
,,,0.003485600000,   1.20000,
,,,0.003486000000,   1.20000,
,,,0.003486400000,   1.40000,
,,,0.003486800000,   1.40000,
,,,0.003487200000,   1.40000,
,,,0.003487600000,   1.20000,
,,,0.003488000000,   1.60000,
,,,0.003488400000,   1.40000,
,,,0.003488800000,   1.40000,
,,,0.003489200000,   1.60000,
,,,0.003489600000,   1.60000,
,,,0.003490000000,   1.60000,
,,,0.003490400000,   1.60000,
,,,0.003490800000,   1.60000,
,,,0.003491200000,   1.60000,
,,,0.003491600000,   1.60000,
,,,0.003492000000,   1.40000,
,,,0.003492400000,   1.80000,
,,,0.003492800000,   1.80000,
,,,0.003493200000,   1.80000,
,,,0.003493600000,   1.60000,
,,,0.003494000000,   1.80000,
,,,0.003494400000,   1.60000,
,,,0.003494800000,   1.60000,
,,,0.003495200000,   2.00000,
,,,0.003495600000,   2.00000,
,,,0.003496000000,   2.00000,
,,,0.003496400000,   1.80000,
,,,0.003496800000,   1.80000,
,,,0.003497200000,   1.80000,
,,,0.003497600000,   2.20000,
,,,0.003498000000,   2.00000,
,,,0.003498400000,   2.00000,
,,,0.003498800000,   2.40000,
,,,0.003499200000,   2.00000,
,,,0.003499600000,   2.20000,
,,,0.003500000000,   2.00000,
,,,0.003500400000,   2.00000,
,,,0.003500800000,   2.20000,
,,,0.003501200000,   2.20000,
,,,0.003501600000,   2.20000,
,,,0.003502000000,   2.20000,
,,,0.003502400000,   2.20000,
,,,0.003502800000,   2.20000,
,,,0.003503200000,   2.40000,
,,,0.003503600000,   2.40000,
,,,0.003504000000,   2.40000,
,,,0.003504400000,   2.40000,
,,,0.003504800000,   2.40000,
,,,0.003505200000,   2.60000,
,,,0.003505600000,   2.40000,
,,,0.003506000000,   2.60000,
,,,0.003506400000,   2.40000,
,,,0.003506800000,   2.40000,
,,,0.003507200000,   2.40000,
,,,0.003507600000,   2.60000,
,,,0.003508000000,   2.60000,
,,,0.003508400000,   2.80000,
,,,0.003508800000,   2.80000,
,,,0.003509200000,   2.60000,
,,,0.003509600000,   2.60000,
,,,0.003510000000,   2.60000,
,,,0.003510400000,   2.80000,
,,,0.003510800000,   2.80000,
,,,0.003511200000,   3.00000,
,,,0.003511600000,   2.80000,
,,,0.003512000000,   2.60000,
,,,0.003512400000,   3.00000,
,,,0.003512800000,   2.80000,
,,,0.003513200000,   3.00000,
,,,0.003513600000,   3.00000,
,,,0.003514000000,   3.00000,
,,,0.003514400000,   3.20000,
,,,0.003514800000,   3.20000,
,,,0.003515200000,   3.20000,
,,,0.003515600000,   3.00000,
,,,0.003516000000,   3.00000,
,,,0.003516400000,   3.20000,
,,,0.003516800000,   3.20000,
,,,0.003517200000,   3.00000,
,,,0.003517600000,   3.00000,
,,,0.003518000000,   3.20000,
,,,0.003518400000,   3.40000,
,,,0.003518800000,   3.20000,
,,,0.003519200000,   3.40000,
,,,0.003519600000,   3.40000,
,,,0.003520000000,   3.40000,
,,,0.003520400000,   3.40000,
,,,0.003520800000,   3.40000,
,,,0.003521200000,   3.40000,
,,,0.003521600000,   3.40000,
,,,0.003522000000,   3.40000,
,,,0.003522400000,   3.40000,
,,,0.003522800000,   3.60000,
,,,0.003523200000,   3.60000,
,,,0.003523600000,   3.60000,
,,,0.003524000000,   3.60000,
,,,0.003524400000,   3.60000,
,,,0.003524800000,   3.60000,
,,,0.003525200000,   3.60000,
,,,0.003525600000,   3.80000,
,,,0.003526000000,   3.60000,
,,,0.003526400000,   3.80000,
,,,0.003526800000,   3.80000,
,,,0.003527200000,   3.80000,
,,,0.003527600000,   3.80000,
,,,0.003528000000,   3.60000,
,,,0.003528400000,   4.00000,
,,,0.003528800000,   3.80000,
,,,0.003529200000,   4.00000,
,,,0.003529600000,   3.80000,
,,,0.003530000000,   4.00000,
,,,0.003530400000,   3.80000,
,,,0.003530800000,   4.00000,
,,,0.003531200000,   3.80000,
,,,0.003531600000,   4.00000,
,,,0.003532000000,   4.20000,
,,,0.003532400000,   4.00000,
,,,0.003532800000,   4.00000,
,,,0.003533200000,   4.20000,
,,,0.003533600000,   4.20000,
,,,0.003534000000,   4.20000,
,,,0.003534400000,   4.20000,
,,,0.003534800000,   4.20000,
,,,0.003535200000,   4.00000,
,,,0.003535600000,   4.20000,
,,,0.003536000000,   4.20000,
,,,0.003536400000,   4.20000,
,,,0.003536800000,   4.40000,
,,,0.003537200000,   4.40000,
,,,0.003537600000,   4.40000,
,,,0.003538000000,   4.40000,
,,,0.003538400000,   4.40000,
,,,0.003538800000,   4.40000,
,,,0.003539200000,   4.20000,
,,,0.003539600000,   4.60000,
,,,0.003540000000,   4.40000,
,,,0.003540400000,   4.40000,
,,,0.003540800000,   4.60000,
,,,0.003541200000,   4.40000,
,,,0.003541600000,   4.60000,
,,,0.003542000000,   4.60000,
,,,0.003542400000,   4.80000,
,,,0.003542800000,   4.60000,
,,,0.003543200000,   4.80000,
,,,0.003543600000,   4.60000,
,,,0.003544000000,   4.80000,
,,,0.003544400000,   5.00000,
,,,0.003544800000,   4.60000,
,,,0.003545200000,   4.80000,
,,,0.003545600000,   4.80000,
,,,0.003546000000,   5.00000,
,,,0.003546400000,   4.80000,
,,,0.003546800000,   5.00000,
,,,0.003547200000,   4.80000,
,,,0.003547600000,   5.00000,
,,,0.003548000000,   5.20000,
,,,0.003548400000,   5.00000,
,,,0.003548800000,   5.00000,
,,,0.003549200000,   5.00000,
,,,0.003549600000,   5.20000,
,,,0.003550000000,   5.20000,
,,,0.003550400000,   5.00000,
,,,0.003550800000,   5.20000,
,,,0.003551200000,   5.20000,
,,,0.003551600000,   5.20000,
,,,0.003552000000,   5.20000,
,,,0.003552400000,   5.20000,
,,,0.003552800000,   5.20000,
,,,0.003553200000,   5.40000,
,,,0.003553600000,   5.40000,
,,,0.003554000000,   5.20000,
,,,0.003554400000,   5.40000,
,,,0.003554800000,   5.20000,
,,,0.003555200000,   5.20000,
,,,0.003555600000,   5.40000,
,,,0.003556000000,   5.60000,
,,,0.003556400000,   5.40000,
,,,0.003556800000,   5.20000,
,,,0.003557200000,   5.40000,
,,,0.003557600000,   5.60000,
,,,0.003558000000,   5.40000,
,,,0.003558400000,   5.40000,
,,,0.003558800000,   5.60000,
,,,0.003559200000,   5.60000,
,,,0.003559600000,   5.40000,
,,,0.003560000000,   5.60000,
,,,0.003560400000,   5.60000,
,,,0.003560800000,   5.80000,
,,,0.003561200000,   5.80000,
,,,0.003561600000,   5.60000,
,,,0.003562000000,   5.60000,
,,,0.003562400000,   5.80000,
,,,0.003562800000,   5.60000,
,,,0.003563200000,   5.60000,
,,,0.003563600000,   5.60000,
,,,0.003564000000,   5.80000,
,,,0.003564400000,   5.80000,
,,,0.003564800000,   6.00000,
,,,0.003565200000,   6.00000,
,,,0.003565600000,   5.80000,
,,,0.003566000000,   6.00000,
,,,0.003566400000,   5.80000,
,,,0.003566800000,   6.00000,
,,,0.003567200000,   6.00000,
,,,0.003567600000,   6.00000,
,,,0.003568000000,   6.00000,
,,,0.003568400000,   6.00000,
,,,0.003568800000,   6.00000,
,,,0.003569200000,   6.20000,
,,,0.003569600000,   6.20000,
,,,0.003570000000,   6.00000,
,,,0.003570400000,   6.20000,
,,,0.003570800000,   6.20000,
,,,0.003571200000,   6.40000,
,,,0.003571600000,   6.00000,
,,,0.003572000000,   6.40000,
,,,0.003572400000,   6.20000,
,,,0.003572800000,   6.20000,
,,,0.003573200000,   6.40000,
,,,0.003573600000,   6.20000,
,,,0.003574000000,   6.20000,
,,,0.003574400000,   6.20000,
,,,0.003574800000,   6.60000,
,,,0.003575200000,   6.20000,
,,,0.003575600000,   6.40000,
,,,0.003576000000,   6.40000,
,,,0.003576400000,   6.40000,
,,,0.003576800000,   6.40000,
,,,0.003577200000,   6.40000,
,,,0.003577600000,   6.60000,
,,,0.003578000000,   6.60000,
,,,0.003578400000,   6.60000,
,,,0.003578800000,   6.40000,
,,,0.003579200000,   6.80000,
,,,0.003579600000,   6.60000,
,,,0.003580000000,   6.80000,
,,,0.003580400000,   6.60000,
,,,0.003580800000,   6.80000,
,,,0.003581200000,   6.60000,
,,,0.003581600000,   7.00000,
,,,0.003582000000,   6.60000,
,,,0.003582400000,   6.80000,
,,,0.003582800000,   6.60000,
,,,0.003583200000,   6.80000,
,,,0.003583600000,   6.60000,
,,,0.003584000000,   6.80000,
,,,0.003584400000,   6.80000,
,,,0.003584800000,   6.80000,
,,,0.003585200000,   7.00000,
,,,0.003585600000,   7.00000,
,,,0.003586000000,   6.80000,
,,,0.003586400000,   7.00000,
,,,0.003586800000,   7.00000,
,,,0.003587200000,   6.80000,
,,,0.003587600000,   7.00000,
,,,0.003588000000,   6.80000,
,,,0.003588400000,   7.00000,
,,,0.003588800000,   7.20000,
,,,0.003589200000,   7.00000,
,,,0.003589600000,   7.00000,
,,,0.003590000000,   7.20000,
,,,0.003590400000,   7.20000,
,,,0.003590800000,   7.20000,
,,,0.003591200000,   7.20000,
,,,0.003591600000,   7.20000,
,,,0.003592000000,   7.00000,
,,,0.003592400000,   7.20000,
,,,0.003592800000,   7.00000,
,,,0.003593200000,   7.20000,
,,,0.003593600000,   7.20000,
,,,0.003594000000,   7.20000,
,,,0.003594400000,   7.40000,
,,,0.003594800000,   7.20000,
,,,0.003595200000,   7.40000,
,,,0.003595600000,   7.20000,
,,,0.003596000000,   7.20000,
,,,0.003596400000,   7.20000,
,,,0.003596800000,   7.40000,
,,,0.003597200000,   7.40000,
,,,0.003597600000,   7.20000,
,,,0.003598000000,   7.60000,
,,,0.003598400000,   7.40000,
,,,0.003598800000,   7.60000,
,,,0.003599200000,   7.40000,
,,,0.003599600000,   7.40000,
,,,0.003600000000,   7.60000,
,,,0.003600400000,   7.60000,
,,,0.003600800000,   7.60000,
,,,0.003601200000,   7.60000,
,,,0.003601600000,   7.60000,
,,,0.003602000000,   7.60000,
,,,0.003602400000,   7.60000,
,,,0.003602800000,   7.80000,
,,,0.003603200000,   7.60000,
,,,0.003603600000,   7.80000,
,,,0.003604000000,   7.80000,
,,,0.003604400000,   7.60000,
,,,0.003604800000,   7.60000,
,,,0.003605200000,   7.40000,
,,,0.003605600000,   7.60000,
,,,0.003606000000,   7.80000,
,,,0.003606400000,   7.60000,
,,,0.003606800000,   7.80000,
,,,0.003607200000,   7.80000,
,,,0.003607600000,   7.80000,
,,,0.003608000000,   7.80000,
,,,0.003608400000,   7.80000,
,,,0.003608800000,   7.80000,
,,,0.003609200000,   7.80000,
,,,0.003609600000,   8.00000,
,,,0.003610000000,   8.00000,
,,,0.003610400000,   7.80000,
,,,0.003610800000,   8.00000,
,,,0.003611200000,   7.80000,
,,,0.003611600000,   8.20000,
,,,0.003612000000,   8.00000,
,,,0.003612400000,   8.00000,
,,,0.003612800000,   8.00000,
,,,0.003613200000,   8.20000,
,,,0.003613600000,   8.20000,
,,,0.003614000000,   8.20000,
,,,0.003614400000,   8.20000,
,,,0.003614800000,   8.00000,
,,,0.003615200000,   8.20000,
,,,0.003615600000,   8.40000,
,,,0.003616000000,   8.00000,
,,,0.003616400000,   8.00000,
,,,0.003616800000,   8.20000,
,,,0.003617200000,   8.40000,
,,,0.003617600000,   8.20000,
,,,0.003618000000,   8.20000,
,,,0.003618400000,   8.40000,
,,,0.003618800000,   8.20000,
,,,0.003619200000,   8.40000,
,,,0.003619600000,   8.40000,
,,,0.003620000000,   8.20000,
,,,0.003620400000,   8.20000,
,,,0.003620800000,   8.20000,
,,,0.003621200000,   8.40000,
,,,0.003621600000,   8.40000,
,,,0.003622000000,   8.40000,
,,,0.003622400000,   8.40000,
,,,0.003622800000,   8.40000,
,,,0.003623200000,   8.40000,
,,,0.003623600000,   8.40000,
,,,0.003624000000,   8.40000,
,,,0.003624400000,   8.60000,
,,,0.003624800000,   8.60000,
,,,0.003625200000,   8.60000,
,,,0.003625600000,   8.60000,
,,,0.003626000000,   8.40000,
,,,0.003626400000,   8.60000,
,,,0.003626800000,   8.40000,
,,,0.003627200000,   8.60000,
,,,0.003627600000,   8.60000,
,,,0.003628000000,   8.60000,
,,,0.003628400000,   8.80000,
,,,0.003628800000,   8.60000,
,,,0.003629200000,   8.80000,
,,,0.003629600000,   8.60000,
,,,0.003630000000,   8.80000,
,,,0.003630400000,   8.60000,
,,,0.003630800000,   8.60000,
,,,0.003631200000,   8.60000,
,,,0.003631600000,   8.80000,
,,,0.003632000000,   8.60000,
,,,0.003632400000,   8.80000,
,,,0.003632800000,   8.60000,
,,,0.003633200000,   8.60000,
,,,0.003633600000,   8.80000,
,,,0.003634000000,   8.80000,
,,,0.003634400000,   8.60000,
,,,0.003634800000,   8.80000,
,,,0.003635200000,   8.80000,
,,,0.003635600000,   8.80000,
,,,0.003636000000,   8.80000,
,,,0.003636400000,   8.80000,
,,,0.003636800000,   8.80000,
,,,0.003637200000,   8.80000,
,,,0.003637600000,   8.80000,
,,,0.003638000000,   9.00000,
,,,0.003638400000,   9.00000,
,,,0.003638800000,   8.80000,
,,,0.003639200000,   8.80000,
,,,0.003639600000,   8.80000,
,,,0.003640000000,   9.00000,
,,,0.003640400000,   9.00000,
,,,0.003640800000,   8.80000,
,,,0.003641200000,   8.80000,
,,,0.003641600000,   9.00000,
,,,0.003642000000,   9.20000,
,,,0.003642400000,   9.00000,
,,,0.003642800000,   9.00000,
,,,0.003643200000,   9.00000,
,,,0.003643600000,   9.00000,
,,,0.003644000000,   8.80000,
,,,0.003644400000,   8.80000,
,,,0.003644800000,   9.40000,
,,,0.003645200000,   9.20000,
,,,0.003645600000,   9.00000,
,,,0.003646000000,   9.00000,
,,,0.003646400000,   9.20000,
,,,0.003646800000,   9.20000,
,,,0.003647200000,   9.00000,
,,,0.003647600000,   9.20000,
,,,0.003648000000,   9.20000,
,,,0.003648400000,   9.00000,
,,,0.003648800000,   9.20000,
,,,0.003649200000,   9.00000,
,,,0.003649600000,   9.20000,
,,,0.003650000000,   9.20000,
,,,0.003650400000,   9.40000,
,,,0.003650800000,   9.00000,
,,,0.003651200000,   9.20000,
,,,0.003651600000,   9.20000,
,,,0.003652000000,   9.20000,
,,,0.003652400000,   9.40000,
,,,0.003652800000,   9.20000,
,,,0.003653200000,   9.20000,
,,,0.003653600000,   9.40000,
,,,0.003654000000,   9.20000,
,,,0.003654400000,   9.40000,
,,,0.003654800000,   9.40000,
,,,0.003655200000,   9.20000,
,,,0.003655600000,   9.20000,
,,,0.003656000000,   9.20000,
,,,0.003656400000,   9.20000,
,,,0.003656800000,   9.40000,
,,,0.003657200000,   9.20000,
,,,0.003657600000,   9.40000,
,,,0.003658000000,   9.60000,
,,,0.003658400000,   9.60000,
,,,0.003658800000,   9.40000,
,,,0.003659200000,   9.40000,
,,,0.003659600000,   9.40000,
,,,0.003660000000,   9.40000,
,,,0.003660400000,   9.60000,
,,,0.003660800000,   9.40000,
,,,0.003661200000,   9.60000,
,,,0.003661600000,   9.40000,
,,,0.003662000000,   9.40000,
,,,0.003662400000,   9.60000,
,,,0.003662800000,   9.40000,
,,,0.003663200000,   9.60000,
,,,0.003663600000,   9.60000,
,,,0.003664000000,   9.80000,
,,,0.003664400000,   9.40000,
,,,0.003664800000,   9.40000,
,,,0.003665200000,   9.60000,
,,,0.003665600000,   9.60000,
,,,0.003666000000,   9.80000,
,,,0.003666400000,   9.60000,
,,,0.003666800000,   9.60000,
,,,0.003667200000,   9.60000,
,,,0.003667600000,   9.60000,
,,,0.003668000000,   9.60000,
,,,0.003668400000,   9.60000,
,,,0.003668800000,   9.60000,
,,,0.003669200000,   9.40000,
,,,0.003669600000,   9.60000,
,,,0.003670000000,   9.60000,
,,,0.003670400000,   9.60000,
,,,0.003670800000,   9.80000,
,,,0.003671200000,   9.40000,
,,,0.003671600000,   9.80000,
,,,0.003672000000,   9.60000,
,,,0.003672400000,   9.80000,
,,,0.003672800000,   9.80000,
,,,0.003673200000,   9.80000,
,,,0.003673600000,   9.80000,
,,,0.003674000000,   9.80000,
,,,0.003674400000,   9.60000,
,,,0.003674800000,   9.80000,
,,,0.003675200000,   9.80000,
,,,0.003675600000,   9.80000,
,,,0.003676000000,   9.80000,
,,,0.003676400000,   9.80000,
,,,0.003676800000,   9.80000,
,,,0.003677200000,   9.80000,
,,,0.003677600000,   9.80000,
,,,0.003678000000,   9.80000,
,,,0.003678400000,   9.60000,
,,,0.003678800000,   9.80000,
,,,0.003679200000,   9.60000,
,,,0.003679600000,   9.60000,
,,,0.003680000000,   9.80000,
,,,0.003680400000,   9.80000,
,,,0.003680800000,   9.60000,
,,,0.003681200000,  10.00000,
,,,0.003681600000,  10.00000,
,,,0.003682000000,   9.80000,
,,,0.003682400000,   9.80000,
,,,0.003682800000,   9.80000,
,,,0.003683200000,  10.00000,
,,,0.003683600000,  10.00000,
,,,0.003684000000,  10.00000,
,,,0.003684400000,   9.80000,
,,,0.003684800000,  10.00000,
,,,0.003685200000,   9.80000,
,,,0.003685600000,  10.00000,
,,,0.003686000000,  10.00000,
,,,0.003686400000,   9.80000,
,,,0.003686800000,  10.00000,
,,,0.003687200000,  10.00000,
,,,0.003687600000,   9.80000,
,,,0.003688000000,   9.80000,
,,,0.003688400000,   9.80000,
,,,0.003688800000,   9.80000,
,,,0.003689200000,   9.80000,
,,,0.003689600000,   9.80000,
,,,0.003690000000,  10.00000,
,,,0.003690400000,  10.00000,
,,,0.003690800000,  10.20000,
,,,0.003691200000,  10.00000,
,,,0.003691600000,  10.00000,
,,,0.003692000000,  10.00000,
,,,0.003692400000,   9.80000,
,,,0.003692800000,  10.00000,
,,,0.003693200000,   9.80000,
,,,0.003693600000,  10.00000,
,,,0.003694000000,  10.00000,
,,,0.003694400000,  10.00000,
,,,0.003694800000,  10.20000,
,,,0.003695200000,  10.00000,
,,,0.003695600000,  10.00000,
,,,0.003696000000,  10.00000,
,,,0.003696400000,  10.00000,
,,,0.003696800000,  10.00000,
,,,0.003697200000,  10.00000,
,,,0.003697600000,  10.00000,
,,,0.003698000000,  10.00000,
,,,0.003698400000,  10.00000,
,,,0.003698800000,  10.20000,
,,,0.003699200000,  10.20000,
,,,0.003699600000,  10.00000,
,,,0.003700000000,  10.20000,
,,,0.003700400000,  10.00000,
,,,0.003700800000,  10.20000,
,,,0.003701200000,  10.00000,
,,,0.003701600000,  10.00000,
,,,0.003702000000,  10.00000,
,,,0.003702400000,  10.20000,
,,,0.003702800000,  10.00000,
,,,0.003703200000,  10.00000,
,,,0.003703600000,  10.20000,
,,,0.003704000000,  10.00000,
,,,0.003704400000,  10.20000,
,,,0.003704800000,  10.20000,
,,,0.003705200000,  10.20000,
,,,0.003705600000,  10.00000,
,,,0.003706000000,  10.00000,
,,,0.003706400000,  10.00000,
,,,0.003706800000,  10.40000,
,,,0.003707200000,  10.20000,
,,,0.003707600000,   9.80000,
,,,0.003708000000,  10.00000,
,,,0.003708400000,  10.20000,
,,,0.003708800000,  10.20000,
,,,0.003709200000,  10.20000,
,,,0.003709600000,  10.00000,
,,,0.003710000000,  10.20000,
,,,0.003710400000,  10.20000,
,,,0.003710800000,  10.00000,
,,,0.003711200000,  10.00000,
,,,0.003711600000,  10.20000,
,,,0.003712000000,  10.20000,
,,,0.003712400000,  10.20000,
,,,0.003712800000,  10.20000,
,,,0.003713200000,  10.20000,
,,,0.003713600000,  10.20000,
,,,0.003714000000,  10.20000,
,,,0.003714400000,  10.20000,
,,,0.003714800000,  10.00000,
,,,0.003715200000,  10.20000,
,,,0.003715600000,  10.20000,
,,,0.003716000000,  10.00000,
,,,0.003716400000,  10.00000,
,,,0.003716800000,  10.00000,
,,,0.003717200000,  10.20000,
,,,0.003717600000,  10.40000,
,,,0.003718000000,  10.00000,
,,,0.003718400000,  10.20000,
,,,0.003718800000,  10.20000,
,,,0.003719200000,  10.20000,
,,,0.003719600000,  10.20000,
,,,0.003720000000,  10.20000,
,,,0.003720400000,  10.20000,
,,,0.003720800000,  10.20000,
,,,0.003721200000,  10.20000,
,,,0.003721600000,  10.00000,
,,,0.003722000000,  10.40000,
,,,0.003722400000,  10.20000,
,,,0.003722800000,  10.20000,
,,,0.003723200000,  10.40000,
,,,0.003723600000,  10.00000,
,,,0.003724000000,  10.20000,
,,,0.003724400000,  10.40000,
,,,0.003724800000,  10.20000,
,,,0.003725200000,  10.20000,
,,,0.003725600000,  10.20000,
,,,0.003726000000,  10.20000,
,,,0.003726400000,  10.20000,
,,,0.003726800000,  10.20000,
,,,0.003727200000,  10.00000,
,,,0.003727600000,  10.00000,
,,,0.003728000000,  10.00000,
,,,0.003728400000,  10.20000,
,,,0.003728800000,  10.00000,
,,,0.003729200000,  10.20000,
,,,0.003729600000,  10.00000,
,,,0.003730000000,  10.00000,
,,,0.003730400000,  10.20000,
,,,0.003730800000,  10.20000,
,,,0.003731200000,  10.00000,
,,,0.003731600000,  10.00000,
,,,0.003732000000,  10.20000,
,,,0.003732400000,  10.00000,
,,,0.003732800000,  10.00000,
,,,0.003733200000,  10.00000,
,,,0.003733600000,  10.00000,
,,,0.003734000000,  10.00000,
,,,0.003734400000,  10.00000,
,,,0.003734800000,  10.00000,
,,,0.003735200000,  10.00000,
,,,0.003735600000,  10.00000,
,,,0.003736000000,  10.00000,
,,,0.003736400000,  10.20000,
,,,0.003736800000,  10.20000,
,,,0.003737200000,  10.00000,
,,,0.003737600000,  10.20000,
,,,0.003738000000,  10.20000,
,,,0.003738400000,  10.00000,
,,,0.003738800000,  10.00000,
,,,0.003739200000,  10.00000,
,,,0.003739600000,  10.00000,
,,,0.003740000000,  10.20000,
,,,0.003740400000,  10.20000,
,,,0.003740800000,  10.20000,
,,,0.003741200000,  10.00000,
,,,0.003741600000,  10.00000,
,,,0.003742000000,  10.20000,
,,,0.003742400000,  10.20000,
,,,0.003742800000,  10.20000,
,,,0.003743200000,  10.20000,
,,,0.003743600000,  10.00000,
,,,0.003744000000,   9.80000,
,,,0.003744400000,  10.00000,
,,,0.003744800000,   9.80000,
,,,0.003745200000,  10.00000,
,,,0.003745600000,  10.20000,
,,,0.003746000000,   9.80000,
,,,0.003746400000,  10.00000,
,,,0.003746800000,  10.00000,
,,,0.003747200000,  10.00000,
,,,0.003747600000,  10.00000,
,,,0.003748000000,   9.80000,
,,,0.003748400000,   9.80000,
,,,0.003748800000,   9.80000,
,,,0.003749200000,  10.00000,
,,,0.003749600000,  10.00000,
,,,0.003750000000,   9.80000,
,,,0.003750400000,   9.80000,
,,,0.003750800000,   9.80000,
,,,0.003751200000,  10.00000,
,,,0.003751600000,   9.80000,
,,,0.003752000000,  10.00000,
,,,0.003752400000,  10.00000,
,,,0.003752800000,   9.80000,
,,,0.003753200000,  10.00000,
,,,0.003753600000,   9.80000,
,,,0.003754000000,  10.00000,
,,,0.003754400000,   9.80000,
,,,0.003754800000,  10.00000,
,,,0.003755200000,   9.80000,
,,,0.003755600000,   9.80000,
,,,0.003756000000,   9.80000,
,,,0.003756400000,   9.80000,
,,,0.003756800000,   9.80000,
,,,0.003757200000,   9.80000,
,,,0.003757600000,   9.80000,
,,,0.003758000000,  10.00000,
,,,0.003758400000,   9.80000,
,,,0.003758800000,   9.80000,
,,,0.003759200000,   9.80000,
,,,0.003759600000,   9.80000,
,,,0.003760000000,   9.60000,
,,,0.003760400000,   9.60000,
,,,0.003760800000,   9.80000,
,,,0.003761200000,   9.80000,
,,,0.003761600000,   9.60000,
,,,0.003762000000,   9.80000,
,,,0.003762400000,   9.80000,
,,,0.003762800000,  10.00000,
,,,0.003763200000,   9.60000,
,,,0.003763600000,   9.80000,
,,,0.003764000000,   9.80000,
,,,0.003764400000,   9.40000,
,,,0.003764800000,   9.60000,
,,,0.003765200000,   9.60000,
,,,0.003765600000,   9.60000,
,,,0.003766000000,   9.60000,
,,,0.003766400000,   9.80000,
,,,0.003766800000,   9.60000,
,,,0.003767200000,   9.60000,
,,,0.003767600000,   9.60000,
,,,0.003768000000,   9.60000,
,,,0.003768400000,   9.60000,
,,,0.003768800000,   9.40000,
,,,0.003769200000,   9.60000,
,,,0.003769600000,   9.60000,
,,,0.003770000000,   9.60000,
,,,0.003770400000,   9.40000,
,,,0.003770800000,   9.60000,
,,,0.003771200000,   9.80000,
,,,0.003771600000,   9.60000,
,,,0.003772000000,   9.60000,
,,,0.003772400000,   9.60000,
,,,0.003772800000,   9.60000,
,,,0.003773200000,   9.60000,
,,,0.003773600000,   9.60000,
,,,0.003774000000,   9.60000,
,,,0.003774400000,   9.40000,
,,,0.003774800000,   9.60000,
,,,0.003775200000,   9.40000,
,,,0.003775600000,   9.40000,
,,,0.003776000000,   9.40000,
,,,0.003776400000,   9.40000,
,,,0.003776800000,   9.40000,
,,,0.003777200000,   9.40000,
,,,0.003777600000,   9.60000,
,,,0.003778000000,   9.40000,
,,,0.003778400000,   9.60000,
,,,0.003778800000,   9.60000,
,,,0.003779200000,   9.20000,
,,,0.003779600000,   9.40000,
,,,0.003780000000,   9.40000,
,,,0.003780400000,   9.40000,
,,,0.003780800000,   9.60000,
,,,0.003781200000,   9.60000,
,,,0.003781600000,   9.40000,
,,,0.003782000000,   9.40000,
,,,0.003782400000,   9.40000,
,,,0.003782800000,   9.20000,
,,,0.003783200000,   9.40000,
,,,0.003783600000,   9.20000,
,,,0.003784000000,   9.40000,
,,,0.003784400000,   9.20000,
,,,0.003784800000,   9.20000,
,,,0.003785200000,   9.20000,
,,,0.003785600000,   9.20000,
,,,0.003786000000,   9.20000,
,,,0.003786400000,   9.20000,
,,,0.003786800000,   9.20000,
,,,0.003787200000,   9.40000,
,,,0.003787600000,   9.40000,
,,,0.003788000000,   8.80000,
,,,0.003788400000,   9.40000,
,,,0.003788800000,   9.00000,
,,,0.003789200000,   9.20000,
,,,0.003789600000,   9.00000,
,,,0.003790000000,   9.00000,
,,,0.003790400000,   9.00000,
,,,0.003790800000,   9.00000,
,,,0.003791200000,   9.20000,
,,,0.003791600000,   9.00000,
,,,0.003792000000,   9.00000,
,,,0.003792400000,   9.00000,
,,,0.003792800000,   9.00000,
,,,0.003793200000,   9.00000,
,,,0.003793600000,   9.00000,
,,,0.003794000000,   9.00000,
,,,0.003794400000,   9.00000,
,,,0.003794800000,   9.00000,
,,,0.003795200000,   9.00000,
,,,0.003795600000,   9.00000,
,,,0.003796000000,   8.80000,
,,,0.003796400000,   9.20000,
,,,0.003796800000,   9.00000,
,,,0.003797200000,   8.60000,
,,,0.003797600000,   8.80000,
,,,0.003798000000,   9.00000,
,,,0.003798400000,   9.00000,
,,,0.003798800000,   8.80000,
,,,0.003799200000,   8.80000,
,,,0.003799600000,   8.80000,
,,,0.003800000000,   8.80000,
,,,0.003800400000,   8.80000,
,,,0.003800800000,   8.60000,
,,,0.003801200000,   8.80000,
,,,0.003801600000,   8.60000,
,,,0.003802000000,   8.80000,
,,,0.003802400000,   8.80000,
,,,0.003802800000,   8.80000,
,,,0.003803200000,   8.80000,
,,,0.003803600000,   8.80000,
,,,0.003804000000,   8.60000,
,,,0.003804400000,   8.80000,
,,,0.003804800000,   8.60000,
,,,0.003805200000,   8.80000,
,,,0.003805600000,   8.60000,
,,,0.003806000000,   8.80000,
,,,0.003806400000,   8.80000,
,,,0.003806800000,   8.80000,
,,,0.003807200000,   8.60000,
,,,0.003807600000,   8.60000,
,,,0.003808000000,   8.60000,
,,,0.003808400000,   8.60000,
,,,0.003808800000,   8.60000,
,,,0.003809200000,   8.20000,
,,,0.003809600000,   8.60000,
,,,0.003810000000,   8.60000,
,,,0.003810400000,   8.60000,
,,,0.003810800000,   8.40000,
,,,0.003811200000,   8.40000,
,,,0.003811600000,   8.40000,
,,,0.003812000000,   8.40000,
,,,0.003812400000,   8.40000,
,,,0.003812800000,   8.20000,
,,,0.003813200000,   8.40000,
,,,0.003813600000,   8.40000,
,,,0.003814000000,   8.40000,
,,,0.003814400000,   8.40000,
,,,0.003814800000,   8.60000,
,,,0.003815200000,   8.60000,
,,,0.003815600000,   8.20000,
,,,0.003816000000,   8.40000,
,,,0.003816400000,   8.40000,
,,,0.003816800000,   8.40000,
,,,0.003817200000,   8.20000,
,,,0.003817600000,   8.40000,
,,,0.003818000000,   8.00000,
,,,0.003818400000,   8.20000,
,,,0.003818800000,   8.20000,
,,,0.003819200000,   8.20000,
,,,0.003819600000,   8.00000,
,,,0.003820000000,   8.40000,
,,,0.003820400000,   8.00000,
,,,0.003820800000,   8.20000,
,,,0.003821200000,   8.20000,
,,,0.003821600000,   8.20000,
,,,0.003822000000,   8.00000,
,,,0.003822400000,   8.20000,
,,,0.003822800000,   8.00000,
,,,0.003823200000,   8.00000,
,,,0.003823600000,   8.00000,
,,,0.003824000000,   8.20000,
,,,0.003824400000,   8.00000,
,,,0.003824800000,   7.80000,
,,,0.003825200000,   8.00000,
,,,0.003825600000,   8.00000,
,,,0.003826000000,   7.80000,
,,,0.003826400000,   7.80000,
,,,0.003826800000,   7.80000,
,,,0.003827200000,   7.80000,
,,,0.003827600000,   8.00000,
,,,0.003828000000,   8.00000,
,,,0.003828400000,   8.00000,
,,,0.003828800000,   7.80000,
,,,0.003829200000,   7.60000,
,,,0.003829600000,   8.00000,
,,,0.003830000000,   7.80000,
,,,0.003830400000,   7.80000,
,,,0.003830800000,   7.80000,
,,,0.003831200000,   7.60000,
,,,0.003831600000,   7.80000,
,,,0.003832000000,   7.40000,
,,,0.003832400000,   7.60000,
,,,0.003832800000,   7.80000,
,,,0.003833200000,   7.60000,
,,,0.003833600000,   7.60000,
,,,0.003834000000,   7.60000,
,,,0.003834400000,   7.40000,
,,,0.003834800000,   7.60000,
,,,0.003835200000,   7.40000,
,,,0.003835600000,   7.60000,
,,,0.003836000000,   7.40000,
,,,0.003836400000,   7.40000,
,,,0.003836800000,   7.40000,
,,,0.003837200000,   7.60000,
,,,0.003837600000,   7.40000,
,,,0.003838000000,   7.40000,
,,,0.003838400000,   7.60000,
,,,0.003838800000,   7.40000,
,,,0.003839200000,   7.40000,
,,,0.003839600000,   7.40000,
,,,0.003840000000,   7.40000,
,,,0.003840400000,   7.40000,
,,,0.003840800000,   7.20000,
,,,0.003841200000,   7.20000,
,,,0.003841600000,   7.20000,
,,,0.003842000000,   7.20000,
,,,0.003842400000,   7.20000,
,,,0.003842800000,   7.20000,
,,,0.003843200000,   7.20000,
,,,0.003843600000,   7.40000,
,,,0.003844000000,   7.00000,
,,,0.003844400000,   7.00000,
,,,0.003844800000,   7.20000,
,,,0.003845200000,   7.00000,
,,,0.003845600000,   7.00000,
,,,0.003846000000,   7.20000,
,,,0.003846400000,   7.00000,
,,,0.003846800000,   7.00000,
,,,0.003847200000,   7.20000,
,,,0.003847600000,   6.80000,
,,,0.003848000000,   7.20000,
,,,0.003848400000,   6.80000,
,,,0.003848800000,   7.00000,
,,,0.003849200000,   7.00000,
,,,0.003849600000,   6.80000,
,,,0.003850000000,   6.80000,
,,,0.003850400000,   7.00000,
,,,0.003850800000,   6.80000,
,,,0.003851200000,   6.80000,
,,,0.003851600000,   6.80000,
,,,0.003852000000,   7.00000,
,,,0.003852400000,   6.80000,
,,,0.003852800000,   6.80000,
,,,0.003853200000,   6.80000,
,,,0.003853600000,   6.80000,
,,,0.003854000000,   6.80000,
,,,0.003854400000,   6.60000,
,,,0.003854800000,   6.60000,
,,,0.003855200000,   6.60000,
,,,0.003855600000,   6.60000,
,,,0.003856000000,   6.40000,
,,,0.003856400000,   6.60000,
,,,0.003856800000,   6.80000,
,,,0.003857200000,   6.60000,
,,,0.003857600000,   6.40000,
,,,0.003858000000,   6.60000,
,,,0.003858400000,   6.40000,
,,,0.003858800000,   6.40000,
,,,0.003859200000,   6.40000,
,,,0.003859600000,   6.40000,
,,,0.003860000000,   6.40000,
,,,0.003860400000,   6.40000,
,,,0.003860800000,   6.40000,
,,,0.003861200000,   6.20000,
,,,0.003861600000,   6.20000,
,,,0.003862000000,   6.20000,
,,,0.003862400000,   6.20000,
,,,0.003862800000,   6.20000,
,,,0.003863200000,   6.20000,
,,,0.003863600000,   6.00000,
,,,0.003864000000,   6.20000,
,,,0.003864400000,   6.20000,
,,,0.003864800000,   6.00000,
,,,0.003865200000,   6.00000,
,,,0.003865600000,   6.00000,
,,,0.003866000000,   6.20000,
,,,0.003866400000,   6.20000,
,,,0.003866800000,   6.20000,
,,,0.003867200000,   5.80000,
,,,0.003867600000,   6.00000,
,,,0.003868000000,   6.00000,
,,,0.003868400000,   6.00000,
,,,0.003868800000,   6.00000,
,,,0.003869200000,   5.80000,
,,,0.003869600000,   6.00000,
,,,0.003870000000,   6.00000,
,,,0.003870400000,   6.00000,
,,,0.003870800000,   5.80000,
,,,0.003871200000,   5.80000,
,,,0.003871600000,   6.00000,
,,,0.003872000000,   5.80000,
,,,0.003872400000,   5.60000,
,,,0.003872800000,   6.00000,
,,,0.003873200000,   5.60000,
,,,0.003873600000,   5.60000,
,,,0.003874000000,   5.80000,
,,,0.003874400000,   5.60000,
,,,0.003874800000,   5.60000,
,,,0.003875200000,   5.40000,
,,,0.003875600000,   5.60000,
,,,0.003876000000,   5.60000,
,,,0.003876400000,   5.40000,
,,,0.003876800000,   5.40000,
,,,0.003877200000,   5.60000,
,,,0.003877600000,   5.60000,
,,,0.003878000000,   5.40000,
,,,0.003878400000,   5.40000,
,,,0.003878800000,   5.20000,
,,,0.003879200000,   5.40000,
,,,0.003879600000,   5.60000,
,,,0.003880000000,   5.40000,
,,,0.003880400000,   5.20000,
,,,0.003880800000,   5.40000,
,,,0.003881200000,   5.40000,
,,,0.003881600000,   5.20000,
,,,0.003882000000,   5.20000,
,,,0.003882400000,   5.20000,
,,,0.003882800000,   5.20000,
,,,0.003883200000,   5.40000,
,,,0.003883600000,   5.40000,
,,,0.003884000000,   5.40000,
,,,0.003884400000,   5.00000,
,,,0.003884800000,   5.20000,
,,,0.003885200000,   5.00000,
,,,0.003885600000,   5.20000,
,,,0.003886000000,   5.00000,
,,,0.003886400000,   5.20000,
,,,0.003886800000,   5.00000,
,,,0.003887200000,   4.80000,
,,,0.003887600000,   4.80000,
,,,0.003888000000,   5.00000,
,,,0.003888400000,   4.80000,
,,,0.003888800000,   5.00000,
,,,0.003889200000,   5.00000,
,,,0.003889600000,   4.80000,
,,,0.003890000000,   4.80000,
,,,0.003890400000,   5.00000,
,,,0.003890800000,   4.80000,
,,,0.003891200000,   4.80000,
,,,0.003891600000,   4.80000,
,,,0.003892000000,   4.60000,
,,,0.003892400000,   4.80000,
,,,0.003892800000,   4.60000,
,,,0.003893200000,   4.60000,
,,,0.003893600000,   4.60000,
,,,0.003894000000,   4.60000,
,,,0.003894400000,   4.40000,
,,,0.003894800000,   4.60000,
,,,0.003895200000,   4.40000,
,,,0.003895600000,   4.40000,
,,,0.003896000000,   4.20000,
,,,0.003896400000,   4.60000,
,,,0.003896800000,   4.60000,
,,,0.003897200000,   4.20000,
,,,0.003897600000,   4.40000,
,,,0.003898000000,   4.40000,
,,,0.003898400000,   4.40000,
,,,0.003898800000,   4.20000,
,,,0.003899200000,   4.20000,
,,,0.003899600000,   4.20000,
,,,0.003900000000,   4.00000,
,,,0.003900400000,   4.00000,
,,,0.003900800000,   4.20000,
,,,0.003901200000,   4.20000,
,,,0.003901600000,   4.00000,
,,,0.003902000000,   4.20000,
,,,0.003902400000,   4.20000,
,,,0.003902800000,   4.20000,
,,,0.003903200000,   4.20000,
,,,0.003903600000,   4.00000,
,,,0.003904000000,   4.00000,
,,,0.003904400000,   4.00000,
,,,0.003904800000,   4.00000,
,,,0.003905200000,   4.00000,
,,,0.003905600000,   3.80000,
,,,0.003906000000,   3.80000,
,,,0.003906400000,   3.80000,
,,,0.003906800000,   3.80000,
,,,0.003907200000,   4.00000,
,,,0.003907600000,   3.60000,
,,,0.003908000000,   3.60000,
,,,0.003908400000,   3.80000,
,,,0.003908800000,   3.80000,
,,,0.003909200000,   3.40000,
,,,0.003909600000,   3.80000,
,,,0.003910000000,   3.60000,
,,,0.003910400000,   3.60000,
,,,0.003910800000,   3.60000,
,,,0.003911200000,   3.80000,
,,,0.003911600000,   3.60000,
,,,0.003912000000,   3.80000,
,,,0.003912400000,   3.60000,
,,,0.003912800000,   3.60000,
,,,0.003913200000,   3.40000,
,,,0.003913600000,   3.60000,
,,,0.003914000000,   3.60000,
,,,0.003914400000,   3.20000,
,,,0.003914800000,   3.40000,
,,,0.003915200000,   3.40000,
,,,0.003915600000,   3.40000,
,,,0.003916000000,   3.00000,
,,,0.003916400000,   3.20000,
,,,0.003916800000,   3.20000,
,,,0.003917200000,   3.20000,
,,,0.003917600000,   3.20000,
,,,0.003918000000,   3.20000,
,,,0.003918400000,   3.20000,
,,,0.003918800000,   3.20000,
,,,0.003919200000,   3.00000,
,,,0.003919600000,   3.00000,
,,,0.003920000000,   3.00000,
,,,0.003920400000,   3.00000,
,,,0.003920800000,   3.20000,
,,,0.003921200000,   3.00000,
,,,0.003921600000,   2.80000,
,,,0.003922000000,   3.00000,
,,,0.003922400000,   2.80000,
,,,0.003922800000,   3.00000,
,,,0.003923200000,   2.80000,
,,,0.003923600000,   2.80000,
,,,0.003924000000,   3.00000,
,,,0.003924400000,   2.80000,
,,,0.003924800000,   2.80000,
,,,0.003925200000,   2.60000,
,,,0.003925600000,   2.60000,
,,,0.003926000000,   2.60000,
,,,0.003926400000,   2.80000,
,,,0.003926800000,   2.40000,
,,,0.003927200000,   2.60000,
,,,0.003927600000,   2.60000,
,,,0.003928000000,   2.40000,
,,,0.003928400000,   2.60000,
,,,0.003928800000,   2.40000,
,,,0.003929200000,   2.40000,
,,,0.003929600000,   2.40000,
,,,0.003930000000,   2.40000,
,,,0.003930400000,   2.60000,
,,,0.003930800000,   2.40000,
,,,0.003931200000,   2.40000,
,,,0.003931600000,   2.20000,
,,,0.003932000000,   2.40000,
,,,0.003932400000,   2.20000,
,,,0.003932800000,   2.20000,
,,,0.003933200000,   2.40000,
,,,0.003933600000,   2.20000,
,,,0.003934000000,   2.40000,
,,,0.003934400000,   2.20000,
,,,0.003934800000,   2.20000,
,,,0.003935200000,   2.20000,
,,,0.003935600000,   2.20000,
,,,0.003936000000,   2.00000,
,,,0.003936400000,   2.00000,
,,,0.003936800000,   1.80000,
,,,0.003937200000,   2.00000,
,,,0.003937600000,   1.80000,
,,,0.003938000000,   2.00000,
,,,0.003938400000,   2.00000,
,,,0.003938800000,   2.00000,
,,,0.003939200000,   1.80000,
,,,0.003939600000,   2.00000,
,,,0.003940000000,   1.60000,
,,,0.003940400000,   1.80000,
,,,0.003940800000,   1.60000,
,,,0.003941200000,   1.60000,
,,,0.003941600000,   2.00000,
,,,0.003942000000,   1.60000,
,,,0.003942400000,   1.60000,
,,,0.003942800000,   1.60000,
,,,0.003943200000,   1.60000,
,,,0.003943600000,   1.80000,
,,,0.003944000000,   1.60000,
,,,0.003944400000,   1.40000,
,,,0.003944800000,   1.40000,
,,,0.003945200000,   1.60000,
,,,0.003945600000,   1.40000,
,,,0.003946000000,   1.40000,
,,,0.003946400000,   1.20000,
,,,0.003946800000,   1.40000,
,,,0.003947200000,   1.40000,
,,,0.003947600000,   1.20000,
,,,0.003948000000,   1.20000,
,,,0.003948400000,   1.40000,
,,,0.003948800000,   1.20000,
,,,0.003949200000,   1.40000,
,,,0.003949600000,   1.20000,
,,,0.003950000000,   1.40000,
,,,0.003950400000,   1.00000,
,,,0.003950800000,   1.20000,
,,,0.003951200000,   1.20000,
,,,0.003951600000,   1.20000,
,,,0.003952000000,   1.00000,
,,,0.003952400000,   1.20000,
,,,0.003952800000,   1.00000,
,,,0.003953200000,   0.80000,
,,,0.003953600000,   1.00000,
,,,0.003954000000,   1.00000,
,,,0.003954400000,   0.80000,
,,,0.003954800000,   1.00000,
,,,0.003955200000,   0.60000,
,,,0.003955600000,   0.80000,
,,,0.003956000000,   0.80000,
,,,0.003956400000,   0.80000,
,,,0.003956800000,   0.80000,
,,,0.003957200000,   0.80000,
,,,0.003957600000,   0.60000,
,,,0.003958000000,   0.60000,
,,,0.003958400000,   0.60000,
,,,0.003958800000,   0.40000,
,,,0.003959200000,   0.60000,
,,,0.003959600000,   0.60000,
,,,0.003960000000,   0.40000,
,,,0.003960400000,   0.60000,
,,,0.003960800000,   0.40000,
,,,0.003961200000,   0.20000,
,,,0.003961600000,   0.40000,
,,,0.003962000000,   0.40000,
,,,0.003962400000,   0.40000,
,,,0.003962800000,   0.40000,
,,,0.003963200000,   0.40000,
,,,0.003963600000,   0.40000,
,,,0.003964000000,   0.20000,
,,,0.003964400000,   0.40000,
,,,0.003964800000,   0.20000,
,,,0.003965200000,   0.00000,
,,,0.003965600000,   0.20000,
,,,0.003966000000,   0.20000,
,,,0.003966400000,   0.20000,
,,,0.003966800000,   0.20000,
,,,0.003967200000,   0.00000,
,,,0.003967600000,   0.00000,
,,,0.003968000000,   0.20000,
,,,0.003968400000,   0.00000,
,,,0.003968800000,   0.00000,
,,,0.003969200000,  -0.20000,
,,,0.003969600000,  -0.20000,
,,,0.003970000000,  -0.20000,
,,,0.003970400000,   0.00000,
,,,0.003970800000,   0.00000,
,,,0.003971200000,  -0.20000,
,,,0.003971600000,  -0.20000,
,,,0.003972000000,  -0.20000,
,,,0.003972400000,  -0.20000,
,,,0.003972800000,  -0.20000,
,,,0.003973200000,  -0.20000,
,,,0.003973600000,  -0.40000,
,,,0.003974000000,  -0.20000,
,,,0.003974400000,  -0.40000,
,,,0.003974800000,  -0.40000,
,,,0.003975200000,  -0.40000,
,,,0.003975600000,  -0.60000,
,,,0.003976000000,  -0.40000,
,,,0.003976400000,  -0.60000,
,,,0.003976800000,  -0.80000,
,,,0.003977200000,  -0.40000,
,,,0.003977600000,  -0.60000,
,,,0.003978000000,  -0.60000,
,,,0.003978400000,  -0.60000,
,,,0.003978800000,  -0.80000,
,,,0.003979200000,  -0.80000,
,,,0.003979600000,  -0.60000,
,,,0.003980000000,  -0.60000,
,,,0.003980400000,  -0.80000,
,,,0.003980800000,  -0.80000,
,,,0.003981200000,  -0.80000,
,,,0.003981600000,  -0.80000,
,,,0.003982000000,  -1.00000,
,,,0.003982400000,  -0.80000,
,,,0.003982800000,  -0.80000,
,,,0.003983200000,  -1.00000,
,,,0.003983600000,  -1.00000,
,,,0.003984000000,  -0.80000,
,,,0.003984400000,  -1.20000,
,,,0.003984800000,  -1.00000,
,,,0.003985200000,  -0.80000,
,,,0.003985600000,  -1.00000,
,,,0.003986000000,  -1.20000,
,,,0.003986400000,  -1.20000,
,,,0.003986800000,  -1.00000,
,,,0.003987200000,  -1.40000,
,,,0.003987600000,  -1.20000,
,,,0.003988000000,  -1.40000,
,,,0.003988400000,  -1.20000,
,,,0.003988800000,  -1.40000,
,,,0.003989200000,  -1.20000,
,,,0.003989600000,  -1.40000,
,,,0.003990000000,  -1.20000,
,,,0.003990400000,  -1.40000,
,,,0.003990800000,  -1.40000,
,,,0.003991200000,  -1.60000,
,,,0.003991600000,  -1.40000,
,,,0.003992000000,  -1.60000,
,,,0.003992400000,  -1.60000,
,,,0.003992800000,  -1.60000,
,,,0.003993200000,  -1.60000,
,,,0.003993600000,  -1.80000,
,,,0.003994000000,  -1.60000,
,,,0.003994400000,  -1.80000,
,,,0.003994800000,  -1.60000,
,,,0.003995200000,  -1.60000,
,,,0.003995600000,  -1.80000,
